motif_id	motif_alt_id	sequence_name	start	stop	strand	score	p-value	q-value	matched_sequence
CSABRABRAGGTCAAGMANBWKVACATBGASAAGCTCAAG	MEME-1	MGG_13499	1475	1514	+	53.2727	2.09e-20	1.41e-15	CGACGAGGAGGTCAAGAACTTGAACATCGAGAAGCTCAAG
CSABRABRAGGTCAAGMANBWKVACATBGASAAGCTCAAG	MEME-1	NCU02571	1456	1495	+	51.8687	2.39e-19	8.07e-15	CGATGAGGAGGTCAAGAACCTCAACATCGAGAAGCTCAAG
CSABRABRAGGTCAAGMANBWKVACATBGASAAGCTCAAG	MEME-1	MGG_01551	1235	1274	+	50.9697	9.4e-19	2.09e-14	CCAGAACAAGGTCAAGCAGGAGCACATTGACAAGCTCAAC
CSABRABRAGGTCAAGMANBWKVACATBGASAAGCTCAAG	MEME-1	BC1G_11051	895	934	+	50.7778	1.24e-18	2.09e-14	AGATGATGAGGTCAAGAATTTGAACATTGAGAAGCTCAAG
CSABRABRAGGTCAAGMANBWKVACATBGASAAGCTCAAG	MEME-1	SS1G_12152	895	934	+	50.0404	3.44e-18	4.65e-14	AGACGACGAGGTTAAGAACTTGAACATTGAGAAGCTCAAG
CSABRABRAGGTCAAGMANBWKVACATBGASAAGCTCAAG	MEME-1	SS1G_09944	657	696	+	47.7677	5.72e-17	6.43e-13	TCAGAATGAGGTCAAGCAAGAGAACATCGATAACCTCAAG
CSABRABRAGGTCAAGMANBWKVACATBGASAAGCTCAAG	MEME-1	BC1G_15689	657	696	+	45.9899	3.92e-16	3.77e-12	CCAAAATGAGGTTAAGCAAGAGAACATTGATAACCTCAAG
CSABRABRAGGTCAAGMANBWKVACATBGASAAGCTCAAG	MEME-1	Afu2g09910	768	807	+	43.1313	5.95e-15	5.02e-11	CGACCAGGAAGTTAAGCAGGAGGATCTGGACAAGCTCAAG
CSABRABRAGGTCAAGMANBWKVACATBGASAAGCTCAAG	MEME-1	NCU04380	1142	1181	+	40.6566	4.69e-14	3.52e-10	CCAGAACAAGGTCAAGGAGGCCCACATTGAGGCCCTCAGG
CSABRABRAGGTCAAGMANBWKVACATBGASAAGCTCAAG	MEME-1	BC1G_08482	2104	2143	+	34.2727	3.94e-12	2.66e-08	TGATAATATTGTCAAGAGTGATGAGACTGAGAGGTTCAGG
CSABRABRAGGTCAAGMANBWKVACATBGASAAGCTCAAG	MEME-1	ANID_06014	770	809	+	33.1818	7.6e-12	4.66e-08	CGACGAGGAACTCAAACAGGAGGATATGGACCGGTTGAAG
CSABRABRAGGTCAAGMANBWKVACATBGASAAGCTCAAG	MEME-1	SS1G_10238	2097	2136	+	30.0606	4.38e-11	2.46e-07	TGATAATATCGTTAAGAGAGATGAGACGGAGAGGTTTAGG
CSABRABRAGGTCAAGMANBWKVACATBGASAAGCTCAAG	MEME-1	Afu8g04000	1244	1283	-	21.4444	2.58e-09	1.34e-05	CCTCAGGAATGCCAAGTAACTTCATATTGGCAAGAGCAAC
CSABRABRAGGTCAAGMANBWKVACATBGASAAGCTCAAG	MEME-1	Afu7g06090	21	60	+	20.6465	3.6e-09	1.74e-05	CTTTAATAACGTCAAGATCCCTCACATCAATATGCTTGCC
CSABRABRAGGTCAAGMANBWKVACATBGASAAGCTCAAG	MEME-1	ANID_06752	1124	1163	+	20.2929	4.17e-09	1.77e-05	AGAGAACCAAGTCCTGAATTACAAGATGGTCCAGATCCGA
CSABRABRAGGTCAAGMANBWKVACATBGASAAGCTCAAG	MEME-1	ANID_01409	1067	1106	+	20.2828	4.19e-09	1.77e-05	CGAGGCCAAGTTGAAGGAGCTTAACCTGAAGCCGGTCGCA
CSABRABRAGGTCAAGMANBWKVACATBGASAAGCTCAAG	MEME-1	NCU02571	1591	1630	+	13.7273	5.12e-08	0.000203	CGAGGCTAAGCTCAAGGAGCTTGGTATCAAGCCCATCGCC
CSABRABRAGGTCAAGMANBWKVACATBGASAAGCTCAAG	MEME-1	NCU02571	847	886	-	9.26263	2.34e-07	0.000875	AGAGGACATTGCCAAAGAAGACCTCCTCAACATCCTCGGC
CSABRABRAGGTCAAGMANBWKVACATBGASAAGCTCAAG	MEME-1	MGG_13499	1610	1649	+	7.16162	4.56e-07	0.00162	CGAGGCCAAGCTCAAGGAGCTCGGCATCAAGCCTCTGGCC
CSABRABRAGGTCAAGMANBWKVACATBGASAAGCTCAAG	MEME-1	SS1G_10238	810	849	+	6.94949	4.87e-07	0.00164	ATTGAACCATGTCAAGATCCCACACATCAACATGTTGGCC
CSABRABRAGGTCAAGMANBWKVACATBGASAAGCTCAAG	MEME-1	NCU04380	626	665	+	4.90909	9.09e-07	0.00292	CGAGAATGAGGCCATCGGCGAGGAAATCGATACCGTCTAC
CSABRABRAGGTCAAGMANBWKVACATBGASAAGCTCAAG	MEME-1	Afu8g04000	1060	1099	+	3.57576	1.35e-06	0.00413	AGAGGCTAAGTTAAAGGAGCTCAATTTGAAGCCGGTTGCG
CSABRABRAGGTCAAGMANBWKVACATBGASAAGCTCAAG	MEME-1	MGG_13499	853	892	-	1.67677	2.32e-06	0.00655	AAAGCACGTTTCCAAAGAAGACCTCCTCGACATCCTCAGG
CSABRABRAGGTCAAGMANBWKVACATBGASAAGCTCAAG	MEME-1	NCU02571	1775	1814	-	1.62626	2.36e-06	0.00655	CGGGCTCGAGGCCAAGGATTTTCATGTTGGCAAGGGCAAC
CSABRABRAGGTCAAGMANBWKVACATBGASAAGCTCAAG	MEME-1	SS1G_12152	880	919	+	1.52525	2.43e-06	0.00655	TGTTAAGGTTGAGAAAGACGACGAGGTTAAGAACTTGAAC
CSABRABRAGGTCAAGMANBWKVACATBGASAAGCTCAAG	MEME-1	SS1G_10238	1009	1048	+	0.959596	2.84e-06	0.00737	AGACGACAATTCCAAGATCGTGATGCTGGACCTGATGCAT
CSABRABRAGGTCAAGMANBWKVACATBGASAAGCTCAAG	MEME-1	NCU04380	2430	2469	+	0.0606061	3.64e-06	0.00885	CAACAAGAAGCTCCAGGCTGCCGTTCTCAAGGAGCTCCAG
CSABRABRAGGTCAAGMANBWKVACATBGASAAGCTCAAG	MEME-1	Afu7g06090	261	300	+	0.030303	3.67e-06	0.00885	CGAGACTCAGGTGCTCAACTACAAGATGGTGCAGATTCGT
CSABRABRAGGTCAAGMANBWKVACATBGASAAGCTCAAG	MEME-1	SS1G_09944	1289	1328	-	-0.30303	4.02e-06	0.00936	CCTTGACCTTCTTAAACACCAGAGCATCCAAAACCTCAGC
CSABRABRAGGTCAAGMANBWKVACATBGASAAGCTCAAG	MEME-1	NCU04380	1211	1250	+	-0.717172	4.5e-06	0.0101	CGACGAGCTTGTCCAGCTCGGCAAGCAGAACCCCGTCGCG
CSABRABRAGGTCAAGMANBWKVACATBGASAAGCTCAAG	MEME-1	ANID_06014	2057	2096	+	-1.06061	4.94e-06	0.0107	CAACGAGAAGCTCAAGTCTATTGTCCTCAAGCAGCTCCAG
CSABRABRAGGTCAAGMANBWKVACATBGASAAGCTCAAG	MEME-1	MGG_01551	1962	2001	+	-1.18182	5.1e-06	0.0108	CTTCAAGAAGATCAAGGAGGCCACTGGCGGTAGGCTCAAG
CSABRABRAGGTCAAGMANBWKVACATBGASAAGCTCAAG	MEME-1	MGG_01551	2656	2695	-	-1.60606	5.72e-06	0.0117	AGACAACGCCGTCAATGATCTCGATACCGGCCAGACCGCC
CSABRABRAGGTCAAGMANBWKVACATBGASAAGCTCAAG	MEME-1	ANID_06752	2213	2252	+	-2.49495	7.23e-06	0.014	TGAGAATGTGCTGAAGAACGCGGGGGAGATTAAGAGCAAG
CSABRABRAGGTCAAGMANBWKVACATBGASAAGCTCAAG	MEME-1	NCU02571	1264	1303	+	-2.52525	7.28e-06	0.014	TGGCAAGGAGCTCATGGGTGTTCAGGCCGAGCTCTGCGCC
CSABRABRAGGTCAAGMANBWKVACATBGASAAGCTCAAG	MEME-1	ANID_06752	884	923	+	-3.18182	8.64e-06	0.0162	TTTCAACAAGTTGAAGATCCCCCATGTCAACATGTTAGCG
CSABRABRAGGTCAAGMANBWKVACATBGASAAGCTCAAG	MEME-1	ANID_01409	932	971	+	-3.60606	9.64e-06	0.0176	TGCTCACCTACTTTAACAGCTCAACCCTGATAAGCTTCGC
CSABRABRAGGTCAAGMANBWKVACATBGASAAGCTCAAG	MEME-1	BC1G_08482	817	856	+	-4.20202	1.12e-05	0.0199	GTTGAACCAAGTTAAGATTCCACATATTAATATGTTGGCC
CSABRABRAGGTCAAGMANBWKVACATBGASAAGCTCAAG	MEME-1	SS1G_12152	303	342	+	-4.83838	1.32e-05	0.0226	GTTGAACGTGTACCAGAAATCAAACCCGGAGATGTTGAAG
CSABRABRAGGTCAAGMANBWKVACATBGASAAGCTCAAG	MEME-1	SS1G_12152	661	700	+	-4.90909	1.34e-05	0.0226	AGACGGTGTTCTCAAGGACGGTCTCACCGATGCCTACAAC
CSABRABRAGGTCAAGMANBWKVACATBGASAAGCTCAAG	MEME-1	SS1G_12152	904	943	+	-5.19192	1.44e-05	0.0231	GGTTAAGAACTTGAACATTGAGAAGCTCAAGGCCATGAGA
CSABRABRAGGTCAAGMANBWKVACATBGASAAGCTCAAG	MEME-1	Afu2g09910	691	730	-	-5.28283	1.47e-05	0.0231	TGAGAACATTGGCAAGAGAATGGATAAGACCGGGGTCAAG
CSABRABRAGGTCAAGMANBWKVACATBGASAAGCTCAAG	MEME-1	Afu2g09910	804	843	+	-5.30303	1.48e-05	0.0231	CAAGGCTGATTTCGACTACTTGAACATCATGAGCATTGAG
CSABRABRAGGTCAAGMANBWKVACATBGASAAGCTCAAG	MEME-1	BC1G_11051	661	700	+	-5.37374	1.51e-05	0.0231	AGATGGTGTTCTCAAGGATGGTCTCACTGATGCCTACAAC
CSABRABRAGGTCAAGMANBWKVACATBGASAAGCTCAAG	MEME-1	MGG_13499	1620	1659	-	-5.58586	1.59e-05	0.0238	CAAGAATCTTGGCCAGAGGCTTGATGCCGAGCTCCTTGAG
CSABRABRAGGTCAAGMANBWKVACATBGASAAGCTCAAG	MEME-1	Afu2g09910	2068	2107	+	-6.21212	1.85e-05	0.0272	CAATGAGAAATTGAAGTCCATTGTCCTCAAGCAGCTCCAG
CSABRABRAGGTCAAGMANBWKVACATBGASAAGCTCAAG	MEME-1	MGG_13499	1910	1949	+	-6.75758	2.12e-05	0.0304	CCTCACCACTGTCCTCAAGGAGAAGAAGGGCAAGATTGGA
CSABRABRAGGTCAAGMANBWKVACATBGASAAGCTCAAG	MEME-1	Afu2g09910	2249	2288	+	-7.9899	2.85e-05	0.0393	CATGACTGCGGCCCAGAAATTGCAGCGCAAGAAGATCATC
CSABRABRAGGTCAAGMANBWKVACATBGASAAGCTCAAG	MEME-1	NCU04380	1212	1251	-	-8	2.86e-05	0.0393	GCGCGACGGGGTTCTGCTTGCCGAGCTGGACAAGCTCGTC
CSABRABRAGGTCAAGMANBWKVACATBGASAAGCTCAAG	MEME-1	NCU04380	1193	1232	+	-8.16162	2.97e-05	0.0395	TGTTACTGTCTTGAGCTTCGACGAGCTTGTCCAGCTCGGC
CSABRABRAGGTCAAGMANBWKVACATBGASAAGCTCAAG	MEME-1	SS1G_12152	162	201	-	-8.19192	2.99e-05	0.0395	AGAAAGGGAACCCAAGAATGAACCGATGGGTGTTCTCACA
CSABRABRAGGTCAAGMANBWKVACATBGASAAGCTCAAG	MEME-1	ANID_01409	1251	1290	-	-8.9596	3.58e-05	0.0452	CCTCAGAAAGTCCAAGGAGCTTCAAGTTAGCGAGGGCAAC
CSABRABRAGGTCAAGMANBWKVACATBGASAAGCTCAAG	MEME-1	SS1G_10238	792	831	+	-9.09091	3.69e-05	0.0452	GGATAACGGGTTCCTGTTATTGAACCATGTCAAGATCCCA
CSABRABRAGGTCAAGMANBWKVACATBGASAAGCTCAAG	MEME-1	BC1G_11051	1040	1079	-	-9.15152	3.75e-05	0.0452	CGAGGATCTTTGCCAAAGGCTTAAGACCAAGTTCCTTCAA
CSABRABRAGGTCAAGMANBWKVACATBGASAAGCTCAAG	MEME-1	Afu2g09910	1811	1850	-	-9.16162	3.76e-05	0.0452	GGTCAATGATCTTCAGATGCCCGTTCTTGTCAAACTCGCC
CSABRABRAGGTCAAGMANBWKVACATBGASAAGCTCAAG	MEME-1	BC1G_11051	327	366	-	-9.28283	3.86e-05	0.0452	ACAAAACATTGCCGAAGAAGATCTCCTCAACATCTTCTGG
CSABRABRAGGTCAAGMANBWKVACATBGASAAGCTCAAG	MEME-1	BC1G_15689	702	741	+	-9.31313	3.89e-05	0.0452	ACACGAGAAGCTCAAGATTTTGAGTTTCGAGGAATTACGA
CSABRABRAGGTCAAGMANBWKVACATBGASAAGCTCAAG	MEME-1	Afu2g09910	759	798	+	-9.31313	3.89e-05	0.0452	CTACAACACCGACCAGGAAGTTAAGCAGGAGGATCTGGAC
CSABRABRAGGTCAAGMANBWKVACATBGASAAGCTCAAG	MEME-1	Afu8g04000	257	296	-	-9.50505	4.07e-05	0.0465	CGTCCGAAGGCTTAAGCCCGTCAACTTTGGCAAGAGCAGC
CSABRABRAGGTCAAGMANBWKVACATBGASAAGCTCAAG	MEME-1	MGG_13499	1280	1319	+	-9.75758	4.31e-05	0.0482	CAAGAAAGAGCTCATGGGTGTTGCCGCGGAGCTGTGCAGC
CSABRABRAGGTCAAGMANBWKVACATBGASAAGCTCAAG	MEME-1	SS1G_09944	702	741	+	-9.80808	4.36e-05	0.0482	ACATGAGAAGCTGAAGATTTTGAGCTTTGAAGAGTTACGA
CSABRABRAGGTCAAGMANBWKVACATBGASAAGCTCAAG	MEME-1	Afu2g09910	1810	1849	+	-10.2323	4.81e-05	0.0523	TGGCGAGTTTGACAAGAACGGGCATCTGAAGATCATTGAC
CSABRABRAGGTCAAGMANBWKVACATBGASAAGCTCAAG	MEME-1	MGG_01551	1818	1857	+	-10.3131	4.9e-05	0.0524	GTGGGAGAACGTGAAGAAGGGAATCATCGGCAAGGTTAAC
CSABRABRAGGTCAAGMANBWKVACATBGASAAGCTCAAG	MEME-1	Afu8g04000	266	305	-	-10.3939	4.99e-05	0.0526	CCTCCTGCACGTCCGAAGGCTTAAGCCCGTCAACTTTGGC
CSABRABRAGGTCAAGMANBWKVACATBGASAAGCTCAAG	MEME-1	NCU02571	1786	1825	+	-10.5455	5.17e-05	0.0528	CAACATGAAAATCCTTGGCCTCGAGCCCGAGAAGGTCAAC
CSABRABRAGGTCAAGMANBWKVACATBGASAAGCTCAAG	MEME-1	BC1G_11051	163	202	-	-10.6768	5.32e-05	0.0528	AGAGAGGGAACCCAAGAAGGAACCAATGGGCGTTCTCACA
CSABRABRAGGTCAAGMANBWKVACATBGASAAGCTCAAG	MEME-1	MGG_13499	837	876	+	-10.697	5.35e-05	0.0528	CGTGCCGGAGATCAAGCCTGAGGATGTCGAGGAGGTCTTC
CSABRABRAGGTCAAGMANBWKVACATBGASAAGCTCAAG	MEME-1	MGG_13499	1805	1844	+	-10.7778	5.45e-05	0.0528	CAACATGAAGATCCTGAACCTTGACCCTGAGACTGTCAAT
CSABRABRAGGTCAAGMANBWKVACATBGASAAGCTCAAG	MEME-1	NCU04380	2163	2202	+	-10.8788	5.57e-05	0.0528	CGGCGACATTGGCGAGTGGGACCAGAACGGCCATCTCAAG
CSABRABRAGGTCAAGMANBWKVACATBGASAAGCTCAAG	MEME-1	NCU02571	1691	1730	-	-10.899	5.6e-05	0.0528	CCTTGATACCGGCATGCTTGATGGCCTTGGGAATGGCAAG
CSABRABRAGGTCAAGMANBWKVACATBGASAAGCTCAAG	MEME-1	ANID_06752	1143	1182	-	-10.9293	5.64e-05	0.0528	CGGCGAGCAACGGAAGAAGTCGGATCTGGACCATCTTGTA
CSABRABRAGGTCAAGMANBWKVACATBGASAAGCTCAAG	MEME-1	BC1G_11051	432	471	-	-10.9596	5.67e-05	0.0528	TCAGTGAGTCCTCCAGCAATAGCACATTGACGAGCAGGGT
CSABRABRAGGTCAAGMANBWKVACATBGASAAGCTCAAG	MEME-1	MGG_01551	1181	1220	+	-10.9899	5.71e-05	0.0528	CCTCGGCAATGTGCTGAAGGATGCGACCGACATTACCCAC
CSABRABRAGGTCAAGMANBWKVACATBGASAAGCTCAAG	MEME-1	NCU02571	1709	1748	-	-11.5051	6.42e-05	0.0585	AGAAGTCAACGTCCTCCTCCTTGATACCGGCATGCTTGAT
CSABRABRAGGTCAAGMANBWKVACATBGASAAGCTCAAG	MEME-1	MGG_01551	2373	2412	+	-11.6465	6.62e-05	0.0595	GCTCATTGACCGCAAGAAGAACCTGATCAAGACCCTCAAC
CSABRABRAGGTCAAGMANBWKVACATBGASAAGCTCAAG	MEME-1	SS1G_12152	5	44	-	-11.7172	6.73e-05	0.0595	GTACAGGAAACTTACACAATATAAACTGGAGGAACTGAAG
CSABRABRAGGTCAAGMANBWKVACATBGASAAGCTCAAG	MEME-1	MGG_01551	2823	2862	+	-11.7879	6.83e-05	0.0595	CAAGGGTATTCTCCAAAAGTACAAGAAGGAGGTCGACCAG
CSABRABRAGGTCAAGMANBWKVACATBGASAAGCTCAAG	MEME-1	BC1G_15689	1313	1352	+	-11.8182	6.88e-05	0.0595	ATTCAAGAAGGTCAAGGAAGCTACTGGTGGAAAACTCAGA
CSABRABRAGGTCAAGMANBWKVACATBGASAAGCTCAAG	MEME-1	Afu2g09910	2114	2153	-	-12.2323	7.54e-05	0.0625	CATTGATGACCTCAATACCCCTGAGACCGCCAGCCTTGCC
CSABRABRAGGTCAAGMANBWKVACATBGASAAGCTCAAG	MEME-1	NCU04380	2406	2445	+	-12.2424	7.56e-05	0.0625	TGACAGCTTGGAGGAGCTCGTACACAACAAGAAGCTCCAG
CSABRABRAGGTCAAGMANBWKVACATBGASAAGCTCAAG	MEME-1	BC1G_11051	904	943	+	-12.2525	7.58e-05	0.0625	GGTCAAGAATTTGAACATTGAGAAGCTCAAGGCTATGAGA
CSABRABRAGGTCAAGMANBWKVACATBGASAAGCTCAAG	MEME-1	MGG_01551	1645	1684	-	-12.2626	7.59e-05	0.0625	CAAAAACAAACTCAAGAATGTGGGCAGCGGGCAGGTAGGT
CSABRABRAGGTCAAGMANBWKVACATBGASAAGCTCAAG	MEME-1	NCU02571	1780	1819	+	-12.4444	7.9e-05	0.0629	CCTTGCCAACATGAAAATCCTTGGCCTCGAGCCCGAGAAG
CSABRABRAGGTCAAGMANBWKVACATBGASAAGCTCAAG	MEME-1	MGG_13499	1739	1778	+	-12.4646	7.94e-05	0.0629	TGGTATTGAGCAGAAGGATGTCGACTTTTACGAGATCAAC
CSABRABRAGGTCAAGMANBWKVACATBGASAAGCTCAAG	MEME-1	ANID_06752	1023	1062	-	-12.4747	7.96e-05	0.0629	CAATGGTCACGCCGCGAGCGAGGACACCGCCAGCTTGCAG
CSABRABRAGGTCAAGMANBWKVACATBGASAAGCTCAAG	MEME-1	Afu7g06090	1347	1386	+	-12.5859	8.15e-05	0.0629	CGAGGCGGTGCTGAAGAACGCACCCAAGGCCAAGCTTTGA
CSABRABRAGGTCAAGMANBWKVACATBGASAAGCTCAAG	MEME-1	MGG_13499	1595	1634	+	-12.6061	8.19e-05	0.0629	CGTTGTTCTGGTTTCCGAGGCCAAGCTCAAGGAGCTCGGC
CSABRABRAGGTCAAGMANBWKVACATBGASAAGCTCAAG	MEME-1	MGG_01551	2601	2640	+	-12.6869	8.34e-05	0.0629	CGACAGCAAAGTCAACGCTGCTGTGCTTAAGGATATGCAG
CSABRABRAGGTCAAGMANBWKVACATBGASAAGCTCAAG	MEME-1	ANID_06014	674	713	+	-12.7374	8.43e-05	0.0629	CGAAAGCGATGCTATTTTCCTGGATCCCACCCTCATCAAA
CSABRABRAGGTCAAGMANBWKVACATBGASAAGCTCAAG	MEME-1	ANID_06014	806	845	+	-12.7576	8.47e-05	0.0629	GAAGACCGAGTTCAGCCATCTCAACATTTTGAGCTTCGAG
CSABRABRAGGTCAAGMANBWKVACATBGASAAGCTCAAG	MEME-1	ANID_06752	976	1015	+	-12.8586	8.66e-05	0.0629	CATCACTTATGTACGGAACCATGACCTGGGTGCGCTCGAA
CSABRABRAGGTCAAGMANBWKVACATBGASAAGCTCAAG	MEME-1	MGG_13499	1451	1490	+	-12.8586	8.66e-05	0.0629	CAAGCCCAACGTCACGGTCGACCGCGACGAGGAGGTCAAG
CSABRABRAGGTCAAGMANBWKVACATBGASAAGCTCAAG	MEME-1	MGG_01551	1158	1197	-	-12.8889	8.71e-05	0.0629	TCAGCACATTGCCGAGGGTGGGCAGCAGATGGGGGTCGAG
CSABRABRAGGTCAAGMANBWKVACATBGASAAGCTCAAG	MEME-1	NCU02571	831	870	+	-12.9394	8.81e-05	0.0629	CGTTCCCGAAATCAAGGCCGAGGATGTTGAGGAGGTCTTC
CSABRABRAGGTCAAGMANBWKVACATBGASAAGCTCAAG	MEME-1	MGG_01551	2616	2655	+	-12.9899	8.91e-05	0.0629	CGCTGCTGTGCTTAAGGATATGCAGAATGTGGGTCGCCAG
CSABRABRAGGTCAAGMANBWKVACATBGASAAGCTCAAG	MEME-1	MGG_13499	1460	1499	+	-13.0101	8.95e-05	0.0629	CGTCACGGTCGACCGCGACGAGGAGGTCAAGAACTTGAAC
CSABRABRAGGTCAAGMANBWKVACATBGASAAGCTCAAG	MEME-1	MGG_13499	1794	1833	-	-13.202	9.33e-05	0.0649	CAGGGTCAAGGTTCAGGATCTTCATGTTGGCGAGGGCCAC
CSABRABRAGGTCAAGMANBWKVACATBGASAAGCTCAAG	MEME-1	Afu7g06090	250	289	-	-13.404	9.75e-05	0.0657	CCATCTTGTAGTTGAGCACCTGAGTCTCGCCCGCGTCCGC
CSABRABRAGGTCAAGMANBWKVACATBGASAAGCTCAAG	MEME-1	ANID_06752	1742	1781	+	-13.4141	9.77e-05	0.0657	ATTCGAGACTCTCAAGTACCGAGACGTTGAGAAGCGCTCG
CSABRABRAGGTCAAGMANBWKVACATBGASAAGCTCAAG	MEME-1	Afu2g09910	1285	1324	+	-13.4646	9.88e-05	0.0657	CGTCAAGAAGGGTGTGCTCAACAACTTGAACAAGGCCAGC
CSABRABRAGGTCAAGMANBWKVACATBGASAAGCTCAAG	MEME-1	ANID_06752	1119	1158	-	-13.4747	9.9e-05	0.0657	TCTGGACCATCTTGTAATTCAGGACTTGGTTCTCTTCGGC
CSABRABRAGGTCAAGMANBWKVACATBGASAAGCTCAAG	MEME-1	ANID_06014	1790	1829	+	-13.4949	9.94e-05	0.0657	CGGTGATATCGGTGAATTTGACAAGAATGGCCACCTCAAA
CSABRABRAGGTCAAGMANBWKVACATBGASAAGCTCAAG	MEME-1	Afu2g09910	1276	1315	+	-13.6162	0.000102	0.0663	CTGGGAGTCCGTCAAGAAGGGTGTGCTCAACAACTTGAAC
CSABRABRAGGTCAAGMANBWKVACATBGASAAGCTCAAG	MEME-1	ANID_01409	646	685	+	-13.6263	0.000102	0.0663	GGACGGCATCGTGAAGGATGGCTTGACGGACGTGGGCAAG
CSABRABRAGGTCAAGMANBWKVACATBGASAAGCTCAAG	MEME-1	Afu2g09910	1114	1153	+	-13.7677	0.000105	0.0676	TCAAGCGCACATCCTGGAGTTCATGTTTGAGAACCTCTGC
CSABRABRAGGTCAAGMANBWKVACATBGASAAGCTCAAG	MEME-1	BC1G_08482	1787	1826	-	-13.8081	0.000106	0.0676	AGAGACGGTAGAGTTTGTGGAGGACATCAATAGTCTCAGC
CSABRABRAGGTCAAGMANBWKVACATBGASAAGCTCAAG	MEME-1	Afu2g09910	1585	1624	+	-13.8485	0.000107	0.0676	TCTCAACGACCCCATGGCCTGGAACCCGGATGCCCTGGGT
CSABRABRAGGTCAAGMANBWKVACATBGASAAGCTCAAG	MEME-1	MGG_01551	2316	2355	+	-13.9293	0.000109	0.0681	GGACGGTTGGTTCAAGACGGGCGACATTGGCGAGTTTGAC
CSABRABRAGGTCAAGMANBWKVACATBGASAAGCTCAAG	MEME-1	ANID_06014	2033	2072	+	-13.9697	0.00011	0.0681	TGACTCTGTAGAAACCCTCGTGCACAACGAGAAGCTCAAG
CSABRABRAGGTCAAGMANBWKVACATBGASAAGCTCAAG	MEME-1	NCU02571	1441	1480	+	-14.0808	0.000113	0.0691	CATCAAGATTGACCGCGATGAGGAGGTCAAGAACCTCAAC
CSABRABRAGGTCAAGMANBWKVACATBGASAAGCTCAAG	MEME-1	NCU04380	2623	2662	+	-14.202	0.000116	0.0703	TGTAACGGCCGCCCAGAAGCTCAACCGCAAGGGCATCCTC
CSABRABRAGGTCAAGMANBWKVACATBGASAAGCTCAAG	MEME-1	MGG_13499	1394	1433	+	-14.3434	0.000119	0.0714	CGAGGCCGGCGTCTTCAAGGCCGAGATTGCCCCTATCGAG
CSABRABRAGGTCAAGMANBWKVACATBGASAAGCTCAAG	MEME-1	NCU04380	30	69	+	-14.3535	0.00012	0.0714	TGTGGCCATCGTCCCGTCCGAGGACCTGGAGAGACAGACA
CSABRABRAGGTCAAGMANBWKVACATBGASAAGCTCAAG	MEME-1	ANID_01409	951	990	-	-14.5556	0.000125	0.0738	TAAAAGCGGGCTTCATAGCGCGAAGCTTATCAGGGTTGAG
CSABRABRAGGTCAAGMANBWKVACATBGASAAGCTCAAG	MEME-1	BC1G_11051	871	910	+	-14.6162	0.000126	0.0741	AAAGCCTAATGTCAAGGTTGAGAGAGATGATGAGGTCAAG
CSABRABRAGGTCAAGMANBWKVACATBGASAAGCTCAAG	MEME-1	MGG_01551	1289	1328	+	-14.7071	0.000129	0.0743	TGTTACCGTCTTAAGCTTTGACGATCTGAAGAAGCTTGGC
CSABRABRAGGTCAAGMANBWKVACATBGASAAGCTCAAG	MEME-1	BC1G_08482	1771	1810	+	-14.7475	0.00013	0.0743	TCAACACGAGCTTGACGCTGAGACTATTGATGTCCTCCAC
CSABRABRAGGTCAAGMANBWKVACATBGASAAGCTCAAG	MEME-1	NCU04380	1101	1140	-	-14.8485	0.000133	0.0743	TGTTCCAGATGACGTGTGTGATGCCCTTGGCATGCTCAAG
CSABRABRAGGTCAAGMANBWKVACATBGASAAGCTCAAG	MEME-1	ANID_06014	1800	1839	-	-14.8586	0.000133	0.0743	GGTCGATGATTTTGAGGTGGCCATTCTTGTCAAATTCACC
CSABRABRAGGTCAAGMANBWKVACATBGASAAGCTCAAG	MEME-1	MGG_01551	815	854	+	-14.899	0.000134	0.0743	CCGGCTCGTCCGCACCCACCAGGAGACCAAGAAGATCAAG
CSABRABRAGGTCAAGMANBWKVACATBGASAAGCTCAAG	MEME-1	Afu7g06090	879	918	+	-14.9495	0.000136	0.0743	CTTCGAGGCTCTCAAACACCGAGATCTCGAGAAGCGGTCA
CSABRABRAGGTCAAGMANBWKVACATBGASAAGCTCAAG	MEME-1	BC1G_11051	1030	1069	+	-14.9596	0.000136	0.0743	GGAAGCTAAGTTGAAGGAACTTGGTCTTAAGCCTTTGGCA
CSABRABRAGGTCAAGMANBWKVACATBGASAAGCTCAAG	MEME-1	NCU02571	2767	2806	-	-14.9798	0.000137	0.0743	CGAGACGGTTGAGAAGGGCTCGCCGACGCTCGACCTGGGC
CSABRABRAGGTCAAGMANBWKVACATBGASAAGCTCAAG	MEME-1	NCU04380	1077	1116	-	-15.0404	0.000138	0.0743	CCTTGGCATGCTCAAGAACGCCGTTGAGGGTAGGGAGAAG
CSABRABRAGGTCAAGMANBWKVACATBGASAAGCTCAAG	MEME-1	Afu2g09910	2044	2083	+	-15.0808	0.000139	0.0743	TGACAGCGTCGAGTCGCTGGTTCACAATGAGAAATTGAAG
CSABRABRAGGTCAAGMANBWKVACATBGASAAGCTCAAG	MEME-1	Afu2g09910	778	817	-	-15.101	0.00014	0.0743	CGAAATCAGCCTTGAGCTTGTCCAGATCCTCCTGCTTAAC
CSABRABRAGGTCAAGMANBWKVACATBGASAAGCTCAAG	MEME-1	MGG_01551	132	171	-	-15.1111	0.00014	0.0743	AGAGGAGAAAGCTGTGCGCCCTGATATGGGTGGAGGAGGG
CSABRABRAGGTCAAGMANBWKVACATBGASAAGCTCAAG	MEME-1	BC1G_11051	880	919	+	-15.1313	0.000141	0.0743	TGTCAAGGTTGAGAGAGATGATGAGGTCAAGAATTTGAAC
CSABRABRAGGTCAAGMANBWKVACATBGASAAGCTCAAG	MEME-1	MGG_13499	1743	1782	-	-15.2222	0.000144	0.075	CTTCGTTGATCTCGTAAAAGTCGACATCCTTCTGCTCAAT
CSABRABRAGGTCAAGMANBWKVACATBGASAAGCTCAAG	MEME-1	NCU02571	2853	2892	+	-15.2525	0.000145	0.075	CCTCGGTCTCGTTCAGGAAGCCGGCCCGGTGCACGGAGCC
CSABRABRAGGTCAAGMANBWKVACATBGASAAGCTCAAG	MEME-1	Afu2g09910	769	808	-	-15.3535	0.000148	0.075	CCTTGAGCTTGTCCAGATCCTCCTGCTTAACTTCCTGGTC
CSABRABRAGGTCAAGMANBWKVACATBGASAAGCTCAAG	MEME-1	MGG_13499	1799	1838	+	-15.3535	0.000148	0.075	CCTCGCCAACATGAAGATCCTGAACCTTGACCCTGAGACT
CSABRABRAGGTCAAGMANBWKVACATBGASAAGCTCAAG	MEME-1	ANID_06752	724	763	+	-15.3939	0.000149	0.075	CCCGTTTGTTGTTCAGATCCGGGATATGGAGACGCATCAG
CSABRABRAGGTCAAGMANBWKVACATBGASAAGCTCAAG	MEME-1	SS1G_12152	871	910	+	-15.3939	0.000149	0.075	CAAGCCAAATGTTAAGGTTGAGAAAGACGACGAGGTTAAG
CSABRABRAGGTCAAGMANBWKVACATBGASAAGCTCAAG	MEME-1	NCU04380	749	788	+	-15.5455	0.000154	0.0764	TAAGAAGGTCAAGAAGATGGTGGATGGTGAGGAGCGCGAG
CSABRABRAGGTCAAGMANBWKVACATBGASAAGCTCAAG	MEME-1	MGG_13499	160	199	+	-15.5556	0.000154	0.0764	GCTGGATAACGTTAAACCCCAGACGATGTAGATGTATAAC
CSABRABRAGGTCAAGMANBWKVACATBGASAAGCTCAAG	MEME-1	NCU04380	1083	1122	-	-15.6364	0.000157	0.0771	TGATGCCCTTGGCATGCTCAAGAACGCCGTTGAGGGTAGG
CSABRABRAGGTCAAGMANBWKVACATBGASAAGCTCAAG	MEME-1	Afu2g09910	1801	1840	+	-15.7273	0.00016	0.078	CGGTGATATTGGCGAGTTTGACAAGAACGGGCATCTGAAG
CSABRABRAGGTCAAGMANBWKVACATBGASAAGCTCAAG	MEME-1	Afu2g09910	1955	1994	-	-15.7576	0.000161	0.078	GCACAATGATGGCAACAGGCTTGTCCTGGTCCTCGGCGGC
CSABRABRAGGTCAAGMANBWKVACATBGASAAGCTCAAG	MEME-1	BC1G_15689	252	291	+	-15.8687	0.000164	0.0788	TCACCAGGAAGTAAAGAAGGTGAAGAAAATGGTCGATGGC
CSABRABRAGGTCAAGMANBWKVACATBGASAAGCTCAAG	MEME-1	MGG_13499	1268	1307	+	-15.8788	0.000165	0.0788	CGACGCCTACGGCAAGAAAGAGCTCATGGGTGTTGCCGCG
CSABRABRAGGTCAAGMANBWKVACATBGASAAGCTCAAG	MEME-1	ANID_06014	1620	1659	-	-15.9091	0.000166	0.0788	CATCCGCGAAGTCAACCAGTTTGACTTCAATGCAGGCGGG
CSABRABRAGGTCAAGMANBWKVACATBGASAAGCTCAAG	MEME-1	ANID_06014	810	849	-	-16.0303	0.00017	0.0802	AGTCCTCGAAGCTCAAAATGTTGAGATGGCTGAACTCGGT
CSABRABRAGGTCAAGMANBWKVACATBGASAAGCTCAAG	MEME-1	MGG_01551	851	890	+	-16.0808	0.000172	0.0805	CAAGAAGATGGTCGATGGTCAGGAGCGCGAGGTCGACAAG
CSABRABRAGGTCAAGMANBWKVACATBGASAAGCTCAAG	MEME-1	ANID_01409	1061	1100	+	-16.2727	0.000179	0.0821	AGTATCCGAGGCCAAGTTGAAGGAGCTTAACCTGAAGCCG
CSABRABRAGGTCAAGMANBWKVACATBGASAAGCTCAAG	MEME-1	MGG_13499	1484	1523	+	-16.2828	0.000179	0.0821	GGTCAAGAACTTGAACATCGAGAAGCTCAAGTCGGCCCGC
CSABRABRAGGTCAAGMANBWKVACATBGASAAGCTCAAG	MEME-1	MGG_13499	1599	1638	-	-16.3333	0.000181	0.0821	TGATGCCGAGCTCCTTGAGCTTGGCCTCGGAAACCAGAAC
CSABRABRAGGTCAAGMANBWKVACATBGASAAGCTCAAG	MEME-1	Afu8g04000	673	712	+	-16.3434	0.000181	0.0821	CAAGCAGGAACTCATGGGATTACAAGCGGAGGAGTGCGCC
CSABRABRAGGTCAAGMANBWKVACATBGASAAGCTCAAG	MEME-1	ANID_01409	862	901	+	-16.3434	0.000181	0.0821	TGTTACTGTAACTCAGGATGACGAGCCAAAGAACGTAAGA
CSABRABRAGGTCAAGMANBWKVACATBGASAAGCTCAAG	MEME-1	NCU04380	758	797	+	-16.4242	0.000184	0.0829	CAAGAAGATGGTGGATGGTGAGGAGCGCGAGGTGGACAAG
CSABRABRAGGTCAAGMANBWKVACATBGASAAGCTCAAG	MEME-1	NCU04380	1202	1241	+	-16.5354	0.000189	0.0835	CTTGAGCTTCGACGAGCTTGTCCAGCTCGGCAAGCAGAAC
CSABRABRAGGTCAAGMANBWKVACATBGASAAGCTCAAG	MEME-1	Afu7g06090	240	279	+	-16.5455	0.000189	0.0835	CGACGCCAAGGCGGACGCGGGCGAGACTCAGGTGCTCAAC
CSABRABRAGGTCAAGMANBWKVACATBGASAAGCTCAAG	MEME-1	NCU02571	1601	1640	-	-16.5556	0.000189	0.0835	CAAGGATCTTGGCGATGGGCTTGATACCAAGCTCCTTGAG
CSABRABRAGGTCAAGMANBWKVACATBGASAAGCTCAAG	MEME-1	MGG_01551	2364	2403	+	-16.6465	0.000193	0.0846	ACACTTGAAGCTCATTGACCGCAAGAAGAACCTGATCAAG
CSABRABRAGGTCAAGMANBWKVACATBGASAAGCTCAAG	MEME-1	NCU04380	2388	2427	+	-16.697	0.000195	0.0849	CTCGAGTGGTGTGAAGGGTGACAGCTTGGAGGAGCTCGTA
CSABRABRAGGTCAAGMANBWKVACATBGASAAGCTCAAG	MEME-1	BC1G_08482	1016	1055	+	-16.7778	0.000198	0.0857	AGACGTCAATTTCAAGACCGGGATGCTGGAGCTGATGCAT
CSABRABRAGGTCAAGMANBWKVACATBGASAAGCTCAAG	MEME-1	NCU02571	657	696	-	-16.8182	0.0002	0.0859	TGACTACAAGTTCAGAGATATCAGCAACGCGAAGTTCACG
CSABRABRAGGTCAAGMANBWKVACATBGASAAGCTCAAG	MEME-1	NCU02571	1585	1624	+	-16.8889	0.000203	0.0866	TGTCTCCGAGGCTAAGCTCAAGGAGCTTGGTATCAAGCCC
CSABRABRAGGTCAAGMANBWKVACATBGASAAGCTCAAG	MEME-1	BC1G_08482	1559	1598	-	-16.9798	0.000207	0.0877	CGATATCACTGTCTGAGCCGAGAACATCGTGAGCGGCACC
CSABRABRAGGTCAAGMANBWKVACATBGASAAGCTCAAG	MEME-1	Afu2g09910	1819	1858	+	-17.0707	0.000211	0.0884	TGACAAGAACGGGCATCTGAAGATCATTGACCGCAAGAAG
CSABRABRAGGTCAAGMANBWKVACATBGASAAGCTCAAG	MEME-1	Afu2g09910	726	765	+	-17.0909	0.000211	0.0884	TCTCAGCGATGTTAAGTCTATCAAGCACGTCATCTACAAC
CSABRABRAGGTCAAGMANBWKVACATBGASAAGCTCAAG	MEME-1	SS1G_09944	693	732	+	-17.1111	0.000212	0.0884	CAAGAAGGCACATGAGAAGCTGAAGATTTTGAGCTTTGAA
CSABRABRAGGTCAAGMANBWKVACATBGASAAGCTCAAG	MEME-1	MGG_13499	319	358	-	-17.2525	0.000218	0.0904	ACACCAAAACGTGGTTGAGGGGAACATTGAAAAGCTTTGG
CSABRABRAGGTCAAGMANBWKVACATBGASAAGCTCAAG	MEME-1	SS1G_09944	306	345	+	-17.3131	0.000221	0.0906	CGATAAGAAGTGGACATACTTTGAACTCAGCGAGTACAAA
CSABRABRAGGTCAAGMANBWKVACATBGASAAGCTCAAG	MEME-1	NCU02571	832	871	-	-17.3333	0.000222	0.0906	AGAAGACCTCCTCAACATCCTCGGCCTTGATTTCGGGAAC
CSABRABRAGGTCAAGMANBWKVACATBGASAAGCTCAAG	MEME-1	NCU02571	2758	2797	-	-17.3535	0.000223	0.0906	TGAGAAGGGCTCGCCGACGCTCGACCTGGGCGACATTCGC
CSABRABRAGGTCAAGMANBWKVACATBGASAAGCTCAAG	MEME-1	Afu2g09910	732	771	+	-17.4545	0.000228	0.0915	CGATGTTAAGTCTATCAAGCACGTCATCTACAACACCGAC
CSABRABRAGGTCAAGMANBWKVACATBGASAAGCTCAAG	MEME-1	MGG_13499	1037	1076	-	-17.4646	0.000228	0.0915	GTTGACGGTCGTGCAGGAGACTGAGTTTGAGAGGCCGGCG
CSABRABRAGGTCAAGMANBWKVACATBGASAAGCTCAAG	MEME-1	SS1G_10238	1018	1057	+	-17.5152	0.00023	0.0918	TTCCAAGATCGTGATGCTGGACCTGATGCATCCGGGGAGA
CSABRABRAGGTCAAGMANBWKVACATBGASAAGCTCAAG	MEME-1	MGG_13499	1322	1361	+	-17.5455	0.000232	0.0918	CGACCACGAGCTCTCGCGTGAGGCTCAGGACGAGTACGCC
CSABRABRAGGTCAAGMANBWKVACATBGASAAGCTCAAG	MEME-1	BC1G_08482	2095	2134	+	-17.596	0.000234	0.0918	TGCGGATAATGATAATATTGTCAAGAGTGATGAGACTGAG
CSABRABRAGGTCAAGMANBWKVACATBGASAAGCTCAAG	MEME-1	NCU04380	2173	2212	-	-17.6162	0.000235	0.0918	GGTCAATGATCTTGAGATGGCCGTTCTGGTCCCACTCGCC
CSABRABRAGGTCAAGMANBWKVACATBGASAAGCTCAAG	MEME-1	Afu7g06090	1302	1341	+	-17.6263	0.000236	0.0918	CCAGAACCCGGTGAATGATCTGGTCTTTGATCCGTATCCG
CSABRABRAGGTCAAGMANBWKVACATBGASAAGCTCAAG	MEME-1	NCU04380	2193	2232	+	-17.7273	0.00024	0.0932	CCATCTCAAGATCATTGACCGCAAGAAGAACCTCGTCAAG
CSABRABRAGGTCAAGMANBWKVACATBGASAAGCTCAAG	MEME-1	BC1G_08482	2086	2125	+	-17.8889	0.000248	0.095	TGATCCGTATGCGGATAATGATAATATTGTCAAGAGTGAT
CSABRABRAGGTCAAGMANBWKVACATBGASAAGCTCAAG	MEME-1	MGG_13499	1334	1373	+	-17.899	0.000249	0.095	CTCGCGTGAGGCTCAGGACGAGTACGCCATCAAGTGCTAC
CSABRABRAGGTCAAGMANBWKVACATBGASAAGCTCAAG	MEME-1	SS1G_10238	787	826	-	-17.9091	0.000249	0.095	TCTTGACATGGTTCAATAACAGGAACCCGTTATCCATGGT
CSABRABRAGGTCAAGMANBWKVACATBGASAAGCTCAAG	MEME-1	MGG_13499	1718	1757	+	-18.0404	0.000256	0.0967	CCCCAAGGCCATCAAGCACGCTGGTATTGAGCAGAAGGAT
CSABRABRAGGTCAAGMANBWKVACATBGASAAGCTCAAG	MEME-1	ANID_06014	333	372	+	-18.0808	0.000258	0.0967	TTACAAAAGTTTTATCGAGTATGAGACGCTGGCGCTCGAG
CSABRABRAGGTCAAGMANBWKVACATBGASAAGCTCAAG	MEME-1	ANID_01409	628	667	+	-18.101	0.000259	0.0967	TGGCAACCAAACCATGGTGGACGGCATCGTGAAGGATGGC
CSABRABRAGGTCAAGMANBWKVACATBGASAAGCTCAAG	MEME-1	BC1G_15689	1272	1311	+	-18.1313	0.000261	0.0967	CGTTACGGACTCCCAGGTGCTGAGGCTTTGGATGCACTAG
CSABRABRAGGTCAAGMANBWKVACATBGASAAGCTCAAG	MEME-1	Afu2g09910	234	273	+	-18.1414	0.000261	0.0967	CAAAACCCATGTGGAGAACAAGAAGGTCAAGAAGATTGTC
CSABRABRAGGTCAAGMANBWKVACATBGASAAGCTCAAG	MEME-1	BC1G_15689	693	732	+	-18.1616	0.000262	0.0967	CAAGAAGGCACACGAGAAGCTCAAGATTTTGAGTTTCGAG
CSABRABRAGGTCAAGMANBWKVACATBGASAAGCTCAAG	MEME-1	Afu2g09910	244	283	-	-18.202	0.000264	0.0969	CCACACCGTCGACAATCTTCTTGACCTTCTTGTTCTCCAC
CSABRABRAGGTCAAGMANBWKVACATBGASAAGCTCAAG	MEME-1	NCU02571	1714	1753	+	-18.2727	0.000268	0.0973	GCATGCCGGTATCAAGGAGGAGGACGTTGACTTCTACGAG
CSABRABRAGGTCAAGMANBWKVACATBGASAAGCTCAAG	MEME-1	SS1G_10238	1536	1575	+	-18.2929	0.000269	0.0973	CCAGAAGCAAGATATGGGTGCTGCGCACGATATTCTTGGC
CSABRABRAGGTCAAGMANBWKVACATBGASAAGCTCAAG	MEME-1	Afu7g06090	255	294	+	-18.303	0.00027	0.0973	CGCGGGCGAGACTCAGGTGCTCAACTACAAGATGGTGCAG
CSABRABRAGGTCAAGMANBWKVACATBGASAAGCTCAAG	MEME-1	SS1G_09944	923	962	-	-18.3333	0.000271	0.0974	CGACAATTACGTTAACACCAGCGACTATAAGAAGCGCAAG
CSABRABRAGGTCAAGMANBWKVACATBGASAAGCTCAAG	MEME-1	MGG_01551	1139	1178	+	-18.4646	0.000279	0.0994	CAAGGCCAAGGCTATCTTCCTCGACCCCCATCTGCTGCCC
CSABRABRAGGTCAAGMANBWKVACATBGASAAGCTCAAG	MEME-1	NCU04380	2145	2184	+	-18.5253	0.000282	0.1	GGACGGCTGGTTCAAGACCGGCGACATTGGCGAGTGGGAC
CSABRABRAGGTCAAGMANBWKVACATBGASAAGCTCAAG	MEME-1	NCU02571	1450	1489	+	-18.7172	0.000293	0.103	TGACCGCGATGAGGAGGTCAAGAACCTCAACATCGAGAAG
CSABRABRAGGTCAAGMANBWKVACATBGASAAGCTCAAG	MEME-1	ANID_06014	1003	1042	+	-18.8182	0.000299	0.105	AGATGATGAGAATGCGCGAGCTAATATGAATAGTGGCGGG
CSABRABRAGGTCAAGMANBWKVACATBGASAAGCTCAAG	MEME-1	NCU04380	2242	2281	-	-18.9192	0.000305	0.106	GGTAGATGGACTCAAGCTTCTCAAGAGCAATGTACTCGCC
CSABRABRAGGTCAAGMANBWKVACATBGASAAGCTCAAG	MEME-1	MGG_01551	1304	1343	+	-18.9293	0.000305	0.106	CTTTGACGATCTGAAGAAGCTTGGCGACGAGAACCCGGTC
CSABRABRAGGTCAAGMANBWKVACATBGASAAGCTCAAG	MEME-1	ANID_06014	240	279	+	-18.9596	0.000307	0.106	CCACATCGAGACCAAGAAGGTCAAGAAGGTTATTGATGGA
CSABRABRAGGTCAAGMANBWKVACATBGASAAGCTCAAG	MEME-1	NCU04380	1647	1686	+	-19.0303	0.000312	0.107	CTGGGAAACCGTCAAAAAGGGCATTCTCGCCAAGGTCAAC
CSABRABRAGGTCAAGMANBWKVACATBGASAAGCTCAAG	MEME-1	NCU04380	1474	1513	-	-19.1111	0.000317	0.108	CGAAAACAAATTCGAGAATGTGAGCGAGGGGAAGGTAGGT
CSABRABRAGGTCAAGMANBWKVACATBGASAAGCTCAAG	MEME-1	NCU04380	1118	1157	+	-19.1717	0.00032	0.108	CATCACACACGTCATCTGGAACAACCAGAACAAGGTCAAG
CSABRABRAGGTCAAGMANBWKVACATBGASAAGCTCAAG	MEME-1	ANID_01409	309	348	-	-19.2525	0.000325	0.108	AGAGTACGTTTCCAAAGAACACTTCCTGGACATCGGAAGG
CSABRABRAGGTCAAGMANBWKVACATBGASAAGCTCAAG	MEME-1	Afu2g09910	1816	1855	+	-19.2525	0.000325	0.108	GTTTGACAAGAACGGGCATCTGAAGATCATTGACCGCAAG
CSABRABRAGGTCAAGMANBWKVACATBGASAAGCTCAAG	MEME-1	Afu8g04000	512	551	-	-19.303	0.000329	0.108	CCACAACGACGTCAGCATTTCCGGTCATGATAGTCTGGGC
CSABRABRAGGTCAAGMANBWKVACATBGASAAGCTCAAG	MEME-1	ANID_06752	211	250	-	-19.3131	0.000329	0.108	CCCGCGCCAACGCAAGCTGGATCTTCTCAGTACGTCCAAG
CSABRABRAGGTCAAGMANBWKVACATBGASAAGCTCAAG	MEME-1	ANID_06014	693	732	-	-19.3232	0.00033	0.108	CCAAAACATTCGTGAGAGATTTGATGAGGGTGGGATCCAG
CSABRABRAGGTCAAGMANBWKVACATBGASAAGCTCAAG	MEME-1	NCU04380	2172	2211	+	-19.3232	0.00033	0.108	TGGCGAGTGGGACCAGAACGGCCATCTCAAGATCATTGAC
CSABRABRAGGTCAAGMANBWKVACATBGASAAGCTCAAG	MEME-1	BC1G_08482	48	87	+	-19.3333	0.000331	0.108	AGGCACTGAGCTTATCAAGGTGGAAAGGGAGAAGTCTAAT
CSABRABRAGGTCAAGMANBWKVACATBGASAAGCTCAAG	MEME-1	ANID_06014	2247	2286	+	-19.3838	0.000334	0.108	CGCTCAAAAGCTCCAACGCAAGAAGATTATCAACAGGTAC
CSABRABRAGGTCAAGMANBWKVACATBGASAAGCTCAAG	MEME-1	Afu2g09910	2198	2237	-	-19.4141	0.000336	0.108	ATATGGTCAGCTCGTAGTTTTGAAGAGGAGGGTGGGTAAG
CSABRABRAGGTCAAGMANBWKVACATBGASAAGCTCAAG	MEME-1	Afu2g09910	2036	2075	-	-19.4343	0.000337	0.108	TCTCATTGTGAACCAGCGACTCGACGCTGTCACCCTCAAT
CSABRABRAGGTCAAGMANBWKVACATBGASAAGCTCAAG	MEME-1	MGG_01551	2575	2614	-	-19.4343	0.000337	0.108	TGACTTTGCTGTCGTGAATGAGCTCCTCGAGGGTCTCACC
CSABRABRAGGTCAAGMANBWKVACATBGASAAGCTCAAG	MEME-1	SS1G_09944	2094	2133	+	-19.4545	0.000339	0.108	TTTCAATGATTACATGCTAACCAACATTAATAGGGATTGG
CSABRABRAGGTCAAGMANBWKVACATBGASAAGCTCAAG	MEME-1	Afu2g09910	813	852	+	-19.4646	0.000339	0.108	TTTCGACTACTTGAACATCATGAGCATTGAGGACTTGCGC
CSABRABRAGGTCAAGMANBWKVACATBGASAAGCTCAAG	MEME-1	ANID_06014	1274	1313	+	-19.4747	0.00034	0.108	TGTAAAGAAGGGTGTTCTGAATAACCTGAACAAGAACAGC
CSABRABRAGGTCAAGMANBWKVACATBGASAAGCTCAAG	MEME-1	NCU04380	2208	2247	+	-19.4949	0.000341	0.108	TGACCGCAAGAAGAACCTCGTCAAGACTCTCAACGGCGAG
CSABRABRAGGTCAAGMANBWKVACATBGASAAGCTCAAG	MEME-1	NCU04380	1753	1792	-	-19.6263	0.00035	0.11	ACACAATGGCGTCCAAAAGACCGCTTCCAGGAAGACCAAG
CSABRABRAGGTCAAGMANBWKVACATBGASAAGCTCAAG	MEME-1	NCU02571	1457	1496	-	-19.697	0.000355	0.111	ACTTGAGCTTCTCGATGTTGAGGTTCTTGACCTCCTCATC
CSABRABRAGGTCAAGMANBWKVACATBGASAAGCTCAAG	MEME-1	Afu8g04000	1070	1109	-	-19.8182	0.000363	0.113	CAAGGATCTTCGCAACCGGCTTCAAATTGAGCTCCTTTAA
CSABRABRAGGTCAAGMANBWKVACATBGASAAGCTCAAG	MEME-1	NCU02571	2748	2787	+	-19.8384	0.000365	0.113	CCACCACCTTGCGAATGTCGCCCAGGTCGAGCGTCGGCGA
CSABRABRAGGTCAAGMANBWKVACATBGASAAGCTCAAG	MEME-1	Afu2g09910	243	282	+	-19.9293	0.000371	0.114	TGTGGAGAACAAGAAGGTCAAGAAGATTGTCGACGGTGTG
CSABRABRAGGTCAAGMANBWKVACATBGASAAGCTCAAG	MEME-1	BC1G_11051	896	935	-	-19.9293	0.000371	0.114	CCTTGAGCTTCTCAATGTTCAAATTCTTGACCTCATCATC
CSABRABRAGGTCAAGMANBWKVACATBGASAAGCTCAAG	MEME-1	SS1G_09944	1693	1732	+	-19.9798	0.000375	0.114	TGGAGAGTGGGACAAGAACGGCCATCTCAATATCATTGAC
CSABRABRAGGTCAAGMANBWKVACATBGASAAGCTCAAG	MEME-1	NCU02571	1699	1738	+	-19.9798	0.000375	0.114	TCCCAAGGCCATCAAGCATGCCGGTATCAAGGAGGAGGAC
CSABRABRAGGTCAAGMANBWKVACATBGASAAGCTCAAG	MEME-1	NCU02571	1432	1471	+	-20.0606	0.000381	0.116	CAAGCCTGCCATCAAGATTGACCGCGATGAGGAGGTCAAG
CSABRABRAGGTCAAGMANBWKVACATBGASAAGCTCAAG	MEME-1	NCU04380	722	761	+	-20.1717	0.000389	0.117	CAAGCTCGTAAACACCCATGTTGAGACTAAGAAGGTCAAG
CSABRABRAGGTCAAGMANBWKVACATBGASAAGCTCAAG	MEME-1	NCU02571	1715	1754	-	-20.1717	0.000389	0.117	TCTCGTAGAAGTCAACGTCCTCCTCCTTGATACCGGCATG
CSABRABRAGGTCAAGMANBWKVACATBGASAAGCTCAAG	MEME-1	Afu7g06090	1152	1191	+	-20.1919	0.000391	0.117	CCGGACCAACGCGGTGATGAAGCTGCTGGACGAGATCCGA
CSABRABRAGGTCAAGMANBWKVACATBGASAAGCTCAAG	MEME-1	BC1G_08482	799	838	+	-20.202	0.000391	0.117	GGACAATGGGTTCCTGTTGTTGAACCAAGTTAAGATTCCA
CSABRABRAGGTCAAGMANBWKVACATBGASAAGCTCAAG	MEME-1	ANID_01409	667	706	+	-20.2323	0.000394	0.117	CTTGACGGACGTGGGCAAGCAGGAGCTCATGGGGCTACAA
CSABRABRAGGTCAAGMANBWKVACATBGASAAGCTCAAG	MEME-1	Afu7g06090	790	829	-	-20.2424	0.000394	0.117	CCTCGAGAATGTCGAACGAGGCACCCTTGTCGCGACGCGC
CSABRABRAGGTCAAGMANBWKVACATBGASAAGCTCAAG	MEME-1	NCU02571	1909	1948	+	-20.2929	0.000398	0.117	TGAGAAGAAGGCCAGGATTGGCTGCGCTGGTATCTGCAAC
CSABRABRAGGTCAAGMANBWKVACATBGASAAGCTCAAG	MEME-1	NCU04380	741	780	-	-20.3434	0.000402	0.118	CCTCACCATCCACCATCTTCTTGACCTTCTTAGTCTCAAC
CSABRABRAGGTCAAGMANBWKVACATBGASAAGCTCAAG	MEME-1	NCU04380	1875	1914	-	-20.3939	0.000406	0.119	ATAGCCGATAATCATGGGGCAGATGGCCATGGAGATGAAC
CSABRABRAGGTCAAGMANBWKVACATBGASAAGCTCAAG	MEME-1	MGG_13499	838	877	-	-20.4747	0.000412	0.12	AGAAGACCTCCTCGACATCCTCAGGCTTGATCTCCGGCAC
CSABRABRAGGTCAAGMANBWKVACATBGASAAGCTCAAG	MEME-1	SS1G_09944	621	660	+	-20.4848	0.000413	0.12	AGAAGCTAAAGACATTCAATACGTTATCTGGAACAGTCAG
CSABRABRAGGTCAAGMANBWKVACATBGASAAGCTCAAG	MEME-1	MGG_01551	975	1014	-	-20.5354	0.000417	0.12	TGTGGACGCGGTCCTCAGCGACAAGCCCGACCTTGCGCAG
CSABRABRAGGTCAAGMANBWKVACATBGASAAGCTCAAG	MEME-1	Afu7g06090	390	429	+	-20.5455	0.000418	0.12	CGCCGCCGAGGCCGAACAGGACAAGCGCGGGGCGGCTCCC
CSABRABRAGGTCAAGMANBWKVACATBGASAAGCTCAAG	MEME-1	MGG_01551	756	795	-	-20.5556	0.000419	0.12	CATTGCCAAACTTCTCAACGCTGTACTTGACGAGCTCCCA
CSABRABRAGGTCAAGMANBWKVACATBGASAAGCTCAAG	MEME-1	SS1G_10238	48	87	+	-20.5758	0.000421	0.12	AGGTACTGAGCTCATCAAGGCAGAGAGGGAGAAGTCTAAT
CSABRABRAGGTCAAGMANBWKVACATBGASAAGCTCAAG	MEME-1	NCU04380	1151	1190	+	-20.6768	0.000429	0.121	GGTCAAGGAGGCCCACATTGAGGCCCTCAGGAACGAGCGC
CSABRABRAGGTCAAGMANBWKVACATBGASAAGCTCAAG	MEME-1	ANID_06014	824	863	+	-20.8182	0.00044	0.124	TCTCAACATTTTGAGCTTCGAGGACTTGCGGAAGCTGGGA
CSABRABRAGGTCAAGMANBWKVACATBGASAAGCTCAAG	MEME-1	NCU04380	1220	1259	+	-20.8384	0.000442	0.124	TGTCCAGCTCGGCAAGCAGAACCCCGTCGCGCCCGTCGCG
CSABRABRAGGTCAAGMANBWKVACATBGASAAGCTCAAG	MEME-1	MGG_01551	1211	1250	+	-20.8485	0.000443	0.124	CATTACCCACGTCATCTGGAACACCCAGAACAAGGTCAAG
CSABRABRAGGTCAAGMANBWKVACATBGASAAGCTCAAG	MEME-1	SS1G_12152	388	427	+	-20.9394	0.000451	0.125	TCTTTGTAAAGGAAAGATAACTAATCCGGACAGCTTGGGA
CSABRABRAGGTCAAGMANBWKVACATBGASAAGCTCAAG	MEME-1	ANID_06752	670	709	+	-20.9394	0.000451	0.125	CCATGCGGTGGTGATGGCGCAGCTGTACATTGGGGGCAAG
CSABRABRAGGTCAAGMANBWKVACATBGASAAGCTCAAG	MEME-1	Afu2g09910	1103	1142	-	-21.0202	0.000458	0.126	CAAACATGAACTCCAGGATGTGCGCTTGAGGAAGGTAGGT
CSABRABRAGGTCAAGMANBWKVACATBGASAAGCTCAAG	MEME-1	NCU04380	1304	1343	+	-21.0303	0.000459	0.126	TACCGGTACCCCCAAGGGTGTCCCCCTGAAGCACAGCAAC
CSABRABRAGGTCAAGMANBWKVACATBGASAAGCTCAAG	MEME-1	NCU04380	1791	1830	+	-21.0505	0.00046	0.126	GTTCAAGAAGATCAAGGATGCCACTGGCGGTCGCATGAAG
CSABRABRAGGTCAAGMANBWKVACATBGASAAGCTCAAG	MEME-1	Afu2g09910	1562	1601	-	-21.0707	0.000462	0.126	CCATGGGGTCGTTGAGAGCGCCCATAGCGGAGGTCTCGGT
CSABRABRAGGTCAAGMANBWKVACATBGASAAGCTCAAG	MEME-1	BC1G_15689	666	705	+	-21.0707	0.000462	0.126	GGTTAAGCAAGAGAACATTGATAACCTCAAGAAGGCACAC
CSABRABRAGGTCAAGMANBWKVACATBGASAAGCTCAAG	MEME-1	NCU04380	2511	2550	+	-21.1212	0.000467	0.126	CGAGGGTGTCGTTATGTCGGATGAGGAGTGGACCCCCCAG
CSABRABRAGGTCAAGMANBWKVACATBGASAAGCTCAAG	MEME-1	MGG_01551	2559	2598	+	-21.1919	0.000473	0.128	TTCTGTTGGTGCCAAGGGTGAGACCCTCGAGGAGCTCATT
CSABRABRAGGTCAAGMANBWKVACATBGASAAGCTCAAG	MEME-1	NCU04380	653	692	+	-21.303	0.000483	0.13	CGATACCGTCTACAAACTCGTCAAGTGGGCTGCCCTCGCA
CSABRABRAGGTCAAGMANBWKVACATBGASAAGCTCAAG	MEME-1	NCU04380	1305	1344	-	-21.3636	0.000488	0.131	CGTTGCTGTGCTTCAGGGGGACACCCTTGGGGGTACCGGT
CSABRABRAGGTCAAGMANBWKVACATBGASAAGCTCAAG	MEME-1	SS1G_10238	642	681	+	-21.3939	0.000491	0.131	TCATGCTGTAGTCATGGCGCAACTTATTATTGCGGGAAAG
CSABRABRAGGTCAAGMANBWKVACATBGASAAGCTCAAG	MEME-1	ANID_06752	1293	1332	-	-21.404	0.000492	0.131	AGTCGGCAAGGAGATCAGAGCCCGCGCGGAGCTGCTCTGG
CSABRABRAGGTCAAGMANBWKVACATBGASAAGCTCAAG	MEME-1	NCU04380	1990	2029	-	-21.4545	0.000497	0.131	CGTCGGCGAAATCGACGAGCTTGGCCTCGATCGAGGCGGG
CSABRABRAGGTCAAGMANBWKVACATBGASAAGCTCAAG	MEME-1	Afu2g09910	1291	1330	+	-21.4747	0.000499	0.131	GAAGGGTGTGCTCAACAACTTGAACAAGGCCAGCTTCCTC
CSABRABRAGGTCAAGMANBWKVACATBGASAAGCTCAAG	MEME-1	Afu7g06090	798	837	+	-21.5556	0.000506	0.133	CGACAAGGGTGCCTCGTTCGACATTCTCGAGGTGGACAGC
CSABRABRAGGTCAAGMANBWKVACATBGASAAGCTCAAG	MEME-1	MGG_01551	2344	2383	-	-21.5859	0.000509	0.133	GGTCAATGAGCTTCAAGTGTCCCTGGCTGTCAAACTCGCC
CSABRABRAGGTCAAGMANBWKVACATBGASAAGCTCAAG	MEME-1	ANID_06752	659	698	-	-21.6263	0.000513	0.133	TGTACAGCTGCGCCATCACCACCGCATGGTTCGCCGTCCG
CSABRABRAGGTCAAGMANBWKVACATBGASAAGCTCAAG	MEME-1	ANID_06014	815	854	+	-21.6465	0.000515	0.133	GTTCAGCCATCTCAACATTTTGAGCTTCGAGGACTTGCGG
CSABRABRAGGTCAAGMANBWKVACATBGASAAGCTCAAG	MEME-1	NCU02571	1580	1619	-	-21.6566	0.000516	0.133	TGATACCAAGCTCCTTGAGCTTAGCCTCGGAGACAAGAAC
CSABRABRAGGTCAAGMANBWKVACATBGASAAGCTCAAG	MEME-1	ANID_06752	734	773	-	-21.7273	0.000523	0.134	TCTCCAGCGGCTGATGCGTCTCCATATCCCGGATCTGAAC
CSABRABRAGGTCAAGMANBWKVACATBGASAAGCTCAAG	MEME-1	MGG_01551	944	983	+	-21.7273	0.000523	0.134	CTACCGCCTGGTCGTCCAGTTGGGTGCCGGTCTGCGCAAG
CSABRABRAGGTCAAGMANBWKVACATBGASAAGCTCAAG	MEME-1	NCU02571	1465	1504	+	-21.7475	0.000525	0.134	GGTCAAGAACCTCAACATCGAGAAGCTCAAGTCCGCCCGT
CSABRABRAGGTCAAGMANBWKVACATBGASAAGCTCAAG	MEME-1	SS1G_12152	48	87	-	-21.798	0.00053	0.134	CCAGAACATGGTCTAAGTAGTAACAATTCTGAAAATCAAA
CSABRABRAGGTCAAGMANBWKVACATBGASAAGCTCAAG	MEME-1	SS1G_12152	1244	1283	-	-21.798	0.00053	0.134	CAACGGCACCTCCATGGATGTTGACCTTGGATTCATCCAA
CSABRABRAGGTCAAGMANBWKVACATBGASAAGCTCAAG	MEME-1	NCU04380	662	701	+	-21.798	0.00053	0.134	CTACAAACTCGTCAAGTGGGCTGCCCTCGCACATGGCGAG
CSABRABRAGGTCAAGMANBWKVACATBGASAAGCTCAAG	MEME-1	Afu2g09910	1564	1603	+	-21.8182	0.000532	0.134	CGAGACCTCCGCTATGGGCGCTCTCAACGACCCCATGGCC
CSABRABRAGGTCAAGMANBWKVACATBGASAAGCTCAAG	MEME-1	BC1G_15689	1290	1329	-	-21.8889	0.000539	0.135	CCTTGACCTTCTTGAATACTAGTGCATCCAAAGCCTCAGC
CSABRABRAGGTCAAGMANBWKVACATBGASAAGCTCAAG	MEME-1	Afu7g06090	279	318	+	-21.9899	0.000549	0.137	CTACAAGATGGTGCAGATTCGTCTGCTGCCTCTGTTGGCG
CSABRABRAGGTCAAGMANBWKVACATBGASAAGCTCAAG	MEME-1	MGG_13499	1784	1823	+	-22.0404	0.000555	0.138	ATTCTCGGTTGTGGCCCTCGCCAACATGAAGATCCTGAAC
CSABRABRAGGTCAAGMANBWKVACATBGASAAGCTCAAG	MEME-1	NCU04380	2614	2653	+	-22.0505	0.000556	0.138	ACAGGGTCTTGTAACGGCCGCCCAGAAGCTCAACCGCAAG
CSABRABRAGGTCAAGMANBWKVACATBGASAAGCTCAAG	MEME-1	MGG_01551	2571	2610	+	-22.101	0.000561	0.138	CAAGGGTGAGACCCTCGAGGAGCTCATTCACGACAGCAAA
CSABRABRAGGTCAAGMANBWKVACATBGASAAGCTCAAG	MEME-1	Afu2g09910	1846	1885	+	-22.1111	0.000562	0.138	TGACCGCAAGAAGAACCTGGTCAAGACGCTCAACGGCGAA
CSABRABRAGGTCAAGMANBWKVACATBGASAAGCTCAAG	MEME-1	SS1G_10238	1618	1657	+	-22.1212	0.000563	0.138	TTCTTGGCATTCGAAGCCCTCAAACATCGTGATGCTGAAA
CSABRABRAGGTCAAGMANBWKVACATBGASAAGCTCAAG	MEME-1	ANID_01409	1428	1467	-	-22.1313	0.000564	0.138	AAGCGATGTACTCAACAACCAGAGCACTGGCACCACCCCC
CSABRABRAGGTCAAGMANBWKVACATBGASAAGCTCAAG	MEME-1	NCU04380	2650	2689	+	-22.1818	0.000569	0.139	CAAGGGCATCCTCAACAAGTACAAGAAGGAGGTTGATGAG
CSABRABRAGGTCAAGMANBWKVACATBGASAAGCTCAAG	MEME-1	ANID_06014	1799	1838	+	-22.2222	0.000574	0.139	CGGTGAATTTGACAAGAATGGCCACCTCAAAATCATCGAC
CSABRABRAGGTCAAGMANBWKVACATBGASAAGCTCAAG	MEME-1	NCU02571	837	876	+	-22.2525	0.000577	0.139	CGAAATCAAGGCCGAGGATGTTGAGGAGGTCTTCTTTGGC
CSABRABRAGGTCAAGMANBWKVACATBGASAAGCTCAAG	MEME-1	Afu2g09910	721	760	-	-22.2727	0.000579	0.14	AGATGACGTGCTTGATAGACTTAACATCGCTGAGAACATT
CSABRABRAGGTCAAGMANBWKVACATBGASAAGCTCAAG	MEME-1	ANID_06014	195	234	+	-22.3333	0.000586	0.141	CTATGGCAACGCCAAAGCTGTTGCCAGCCGTCGGCTCATC
CSABRABRAGGTCAAGMANBWKVACATBGASAAGCTCAAG	MEME-1	Afu2g09910	1960	1999	+	-22.404	0.000593	0.141	CGAGGACCAGGACAAGCCTGTTGCCATCATTGTGCCCGTT
CSABRABRAGGTCAAGMANBWKVACATBGASAAGCTCAAG	MEME-1	BC1G_08482	601	640	-	-22.4141	0.000595	0.141	CCTTCCCAAAGACCCGATCCACCATTTTGACGCAGTGAGA
CSABRABRAGGTCAAGMANBWKVACATBGASAAGCTCAAG	MEME-1	NCU04380	1480	1519	-	-22.4444	0.000598	0.141	CGTTCTCGAAAACAAATTCGAGAATGTGAGCGAGGGGAAG
CSABRABRAGGTCAAGMANBWKVACATBGASAAGCTCAAG	MEME-1	SS1G_12152	1130	1169	-	-22.4646	0.0006	0.141	CATCAATCTTGGCATGCTTCAGAGCCTTAGGAATAGCCAA
CSABRABRAGGTCAAGMANBWKVACATBGASAAGCTCAAG	MEME-1	ANID_06014	1293	1332	-	-22.4646	0.0006	0.141	ACAGGCCCTTCACAAGAGCGCTGTTCTTGTTCAGGTTATT
CSABRABRAGGTCAAGMANBWKVACATBGASAAGCTCAAG	MEME-1	ANID_06014	2206	2245	-	-22.4848	0.000602	0.141	CGGTCATGAAGCCCTGTTGGATGTTAGTTACGTCCTGAAA
CSABRABRAGGTCAAGMANBWKVACATBGASAAGCTCAAG	MEME-1	NCU04380	2422	2461	-	-22.5051	0.000605	0.141	CCTTGAGAACGGCAGCCTGGAGCTTCTTGTTGTGTACGAG
CSABRABRAGGTCAAGMANBWKVACATBGASAAGCTCAAG	MEME-1	MGG_01551	1245	1284	-	-22.5152	0.000606	0.141	GGTAGGTCTGGTTGAGCTTGTCAATGTGCTCCTGCTTGAC
CSABRABRAGGTCAAGMANBWKVACATBGASAAGCTCAAG	MEME-1	ANID_06752	49	88	-	-22.5354	0.000608	0.141	ACTGGGCACGCTCCTGAGTCAGCAGTTCTGTGCCTTGCGG
CSABRABRAGGTCAAGMANBWKVACATBGASAAGCTCAAG	MEME-1	BC1G_08482	1480	1519	+	-22.5758	0.000613	0.142	TCGCGCCGTGTTGAAGGGAAATGCCCCCAACAACGACACA
CSABRABRAGGTCAAGMANBWKVACATBGASAAGCTCAAG	MEME-1	MGG_13499	1469	1508	+	-22.6061	0.000616	0.142	CGACCGCGACGAGGAGGTCAAGAACTTGAACATCGAGAAG
CSABRABRAGGTCAAGMANBWKVACATBGASAAGCTCAAG	MEME-1	BC1G_15689	1952	1991	+	-22.6162	0.000617	0.142	CGAGAAGAAGATTCAAGATGCCGTGTTGAAGGAATTACAA
CSABRABRAGGTCAAGMANBWKVACATBGASAAGCTCAAG	MEME-1	ANID_06752	622	661	-	-22.6566	0.000622	0.142	CCGTCCCAGCGACCCGATCCACCACTTGGACGCCGTCAGG
CSABRABRAGGTCAAGMANBWKVACATBGASAAGCTCAAG	MEME-1	NCU02571	1720	1759	+	-22.6768	0.000624	0.142	CGGTATCAAGGAGGAGGACGTTGACTTCTACGAGATCAAT
CSABRABRAGGTCAAGMANBWKVACATBGASAAGCTCAAG	MEME-1	Afu2g09910	736	775	-	-22.6869	0.000625	0.142	CCTGGTCGGTGTTGTAGATGACGTGCTTGATAGACTTAAC
CSABRABRAGGTCAAGMANBWKVACATBGASAAGCTCAAG	MEME-1	MGG_01551	1226	1265	+	-22.697	0.000627	0.142	CTGGAACACCCAGAACAAGGTCAAGCAGGAGCACATTGAC
CSABRABRAGGTCAAGMANBWKVACATBGASAAGCTCAAG	MEME-1	MGG_01551	1244	1283	+	-22.7071	0.000628	0.142	GGTCAAGCAGGAGCACATTGACAAGCTCAACCAGACCTAC
CSABRABRAGGTCAAGMANBWKVACATBGASAAGCTCAAG	MEME-1	MGG_01551	2358	2397	+	-22.7273	0.00063	0.142	CCAGGGACACTTGAAGCTCATTGACCGCAAGAAGAACCTG
CSABRABRAGGTCAAGMANBWKVACATBGASAAGCTCAAG	MEME-1	SS1G_12152	150	189	-	-22.7475	0.000632	0.142	CAAGAATGAACCGATGGGTGTTCTCACAGCGGAGCTAGAA
CSABRABRAGGTCAAGMANBWKVACATBGASAAGCTCAAG	MEME-1	ANID_06014	785	824	+	-22.7677	0.000635	0.142	ACAGGAGGATATGGACCGGTTGAAGACCGAGTTCAGCCAT
CSABRABRAGGTCAAGMANBWKVACATBGASAAGCTCAAG	MEME-1	ANID_06014	2042	2081	+	-22.7677	0.000635	0.142	AGAAACCCTCGTGCACAACGAGAAGCTCAAGTCTATTGTC
CSABRABRAGGTCAAGMANBWKVACATBGASAAGCTCAAG	MEME-1	MGG_13499	1352	1391	+	-22.7879	0.000637	0.142	CGAGTACGCCATCAAGTGCTACCAGAAGGCCCAGGCCGCC
CSABRABRAGGTCAAGMANBWKVACATBGASAAGCTCAAG	MEME-1	SS1G_10238	2285	2324	-	-22.798	0.000638	0.142	AGAAAGTAAAGTGATGAGATATTGTATTTCTAACCATGAG
CSABRABRAGGTCAAGMANBWKVACATBGASAAGCTCAAG	MEME-1	ANID_06014	2048	2087	+	-22.8485	0.000644	0.142	CCTCGTGCACAACGAGAAGCTCAAGTCTATTGTCCTCAAG
CSABRABRAGGTCAAGMANBWKVACATBGASAAGCTCAAG	MEME-1	ANID_06752	866	905	+	-22.8788	0.000648	0.143	GGACAACGGGTTCCTTCTTTTCAACAAGTTGAAGATCCCC
CSABRABRAGGTCAAGMANBWKVACATBGASAAGCTCAAG	MEME-1	NCU02571	1576	1615	+	-22.8889	0.000649	0.143	CGTTGTTCTTGTCTCCGAGGCTAAGCTCAAGGAGCTTGGT
CSABRABRAGGTCAAGMANBWKVACATBGASAAGCTCAAG	MEME-1	NCU04380	2019	2058	+	-22.9091	0.000651	0.143	TTTCGCCGACGCCGGTTACTTCGCCACTAACAAGCCCAAC
CSABRABRAGGTCAAGMANBWKVACATBGASAAGCTCAAG	MEME-1	MGG_01551	2617	2656	-	-22.9293	0.000654	0.143	CCTGGCGACCCACATTCTGCATATCCTTAAGCACAGCAGC
CSABRABRAGGTCAAGMANBWKVACATBGASAAGCTCAAG	MEME-1	MGG_01551	2115	2154	+	-22.9495	0.000656	0.143	ATTGCAGAACCCCATGGAGTGGTCAACCGACACGATTGGC
CSABRABRAGGTCAAGMANBWKVACATBGASAAGCTCAAG	MEME-1	NCU02571	2794	2833	-	-22.9798	0.00066	0.143	CGAGCGGTTCGCGCTGTACGACATGGGCGAGACGGTTGAG
CSABRABRAGGTCAAGMANBWKVACATBGASAAGCTCAAG	MEME-1	NCU04380	737	776	+	-23	0.000662	0.143	CCATGTTGAGACTAAGAAGGTCAAGAAGATGGTGGATGGT
CSABRABRAGGTCAAGMANBWKVACATBGASAAGCTCAAG	MEME-1	MGG_01551	1401	1440	-	-23.0303	0.000666	0.143	CGTTGCTGTGCTTCAGTGGCACACCCTTGGGGGTTCCGGT
CSABRABRAGGTCAAGMANBWKVACATBGASAAGCTCAAG	MEME-1	MGG_13499	1466	1505	+	-23.0404	0.000667	0.143	GGTCGACCGCGACGAGGAGGTCAAGAACTTGAACATCGAG
CSABRABRAGGTCAAGMANBWKVACATBGASAAGCTCAAG	MEME-1	ANID_01409	285	324	-	-23.1616	0.000682	0.145	CCTGGACATCGGAAGGCTTGATCCCATCGGCTCTTTCAAG
CSABRABRAGGTCAAGMANBWKVACATBGASAAGCTCAAG	MEME-1	ANID_06752	2040	2079	-	-23.1616	0.000682	0.145	AATCAACGAGTCTCACCGCATGCGGCCGAATCTCATCAAG
CSABRABRAGGTCAAGMANBWKVACATBGASAAGCTCAAG	MEME-1	MGG_01551	833	872	+	-23.1616	0.000682	0.145	CCAGGAGACCAAGAAGATCAAGAAGATGGTCGATGGTCAG
CSABRABRAGGTCAAGMANBWKVACATBGASAAGCTCAAG	MEME-1	ANID_01409	682	721	+	-23.1717	0.000684	0.145	CAAGCAGGAGCTCATGGGGCTACAAGCGGAAGAGTGTGCG
CSABRABRAGGTCAAGMANBWKVACATBGASAAGCTCAAG	MEME-1	MGG_13499	1028	1067	-	-23.202	0.000687	0.145	CGTGCAGGAGACTGAGTTTGAGAGGCCGGCGCCGATGGCA
CSABRABRAGGTCAAGMANBWKVACATBGASAAGCTCAAG	MEME-1	SS1G_10238	1010	1049	-	-23.2727	0.000696	0.146	GATGCATCAGGTCCAGCATCACGATCTTGGAATTGTCGTC
CSABRABRAGGTCAAGMANBWKVACATBGASAAGCTCAAG	MEME-1	ANID_06014	1112	1151	+	-23.2727	0.000696	0.146	TATTCTTGAATTCATGTTTGAGAACCTGTGTCTCTTCTGG
CSABRABRAGGTCAAGMANBWKVACATBGASAAGCTCAAG	MEME-1	ANID_01409	783	822	-	-23.3333	0.000704	0.146	ATCTCATCGTTAAAAAGACCAGCAGCCTGGGCAGCTTGAG
CSABRABRAGGTCAAGMANBWKVACATBGASAAGCTCAAG	MEME-1	BC1G_11051	1214	1253	-	-23.3333	0.000704	0.146	ATTCGTCCAATCCGAGGATCTTCATATTTGCCAAAGCAAC
CSABRABRAGGTCAAGMANBWKVACATBGASAAGCTCAAG	MEME-1	Afu2g09910	2057	2096	-	-23.3333	0.000704	0.146	TGAGGACAATGGACTTCAATTTCTCATTGTGAACCAGCGA
CSABRABRAGGTCAAGMANBWKVACATBGASAAGCTCAAG	MEME-1	BC1G_11051	303	342	-	-23.3535	0.000707	0.146	CCTCAACATCTTCTGGCTTGATCTCTGGTACACGCTCAAC
CSABRABRAGGTCAAGMANBWKVACATBGASAAGCTCAAG	MEME-1	Afu7g06090	1093	1132	-	-23.3636	0.000708	0.146	CGGTGACGGCGCCCGACGAGAAGAACTCGGCCGCCTCGCG
CSABRABRAGGTCAAGMANBWKVACATBGASAAGCTCAAG	MEME-1	Afu2g09910	1123	1162	+	-23.3737	0.000709	0.146	CATCCTGGAGTTCATGTTTGAGAACCTCTGCTTGTTCTGG
CSABRABRAGGTCAAGMANBWKVACATBGASAAGCTCAAG	MEME-1	BC1G_08482	1541	1580	-	-23.3838	0.000711	0.146	CGAGAACATCGTGAGCGGCACCCATATCTTGCTTTTGAAG
CSABRABRAGGTCAAGMANBWKVACATBGASAAGCTCAAG	MEME-1	NCU04380	1648	1687	-	-23.4242	0.000716	0.146	CGTTGACCTTGGCGAGAATGCCCTTTTTGACGGTTTCCCA
CSABRABRAGGTCAAGMANBWKVACATBGASAAGCTCAAG	MEME-1	SS1G_12152	886	925	+	-23.4242	0.000716	0.146	GGTTGAGAAAGACGACGAGGTTAAGAACTTGAACATTGAG
CSABRABRAGGTCAAGMANBWKVACATBGASAAGCTCAAG	MEME-1	NCU04380	2346	2385	+	-23.4848	0.000724	0.147	CATCATCGTTCCCGCGGAACCCGCCCTTAAGAAGCTCGCC
CSABRABRAGGTCAAGMANBWKVACATBGASAAGCTCAAG	MEME-1	ANID_06752	2126	2165	+	-23.5253	0.000729	0.148	CGACGGCGACGTCTATCCCGATCTGTTCAAGAGGGCGAGC
CSABRABRAGGTCAAGMANBWKVACATBGASAAGCTCAAG	MEME-1	MGG_13499	2208	2247	+	-23.5253	0.000729	0.148	AGACAAGGACCTCAGAGAATAGAATTTAAAGAATAAAAAA
CSABRABRAGGTCAAGMANBWKVACATBGASAAGCTCAAG	MEME-1	ANID_06752	2141	2180	+	-23.5657	0.000735	0.148	TCCCGATCTGTTCAAGAGGGCGAGCATGCAGAACCCGGTT
CSABRABRAGGTCAAGMANBWKVACATBGASAAGCTCAAG	MEME-1	Afu8g04000	262	301	+	-23.5758	0.000736	0.148	TCTTGCCAAAGTTGACGGGCTTAAGCCTTCGGACGTGCAG
CSABRABRAGGTCAAGMANBWKVACATBGASAAGCTCAAG	MEME-1	MGG_01551	1842	1881	+	-23.5758	0.000736	0.148	CATCGGCAAGGTTAACGCAGGCAGCCCGGTTGTGCGCAAC
CSABRABRAGGTCAAGMANBWKVACATBGASAAGCTCAAG	MEME-1	NCU04380	2181	2220	+	-23.596	0.000739	0.148	GGACCAGAACGGCCATCTCAAGATCATTGACCGCAAGAAG
CSABRABRAGGTCAAGMANBWKVACATBGASAAGCTCAAG	MEME-1	Afu7g06090	1278	1317	+	-23.6263	0.000743	0.148	CCCCGATCTGTTCAACCGGGCCAGCCAGAACCCGGTGAAT
CSABRABRAGGTCAAGMANBWKVACATBGASAAGCTCAAG	MEME-1	Afu8g04000	1226	1265	-	-23.6566	0.000747	0.148	ACTTCATATTGGCAAGAGCAACAACGCTGAAAGCCTCGTT
CSABRABRAGGTCAAGMANBWKVACATBGASAAGCTCAAG	MEME-1	NCU04380	830	869	+	-23.6566	0.000747	0.148	GTTCATTACCTTCAAGGACTACGAGCAGCTTACGCTCGAC
CSABRABRAGGTCAAGMANBWKVACATBGASAAGCTCAAG	MEME-1	MGG_13499	1584	1623	-	-23.7071	0.000754	0.148	TGAGCTTGGCCTCGGAAACCAGAACAACGGCAGCAGCACC
CSABRABRAGGTCAAGMANBWKVACATBGASAAGCTCAAG	MEME-1	SS1G_12152	1129	1168	+	-23.7172	0.000755	0.148	TTTGGCTATTCCTAAGGCTCTGAAGCATGCCAAGATTGAT
CSABRABRAGGTCAAGMANBWKVACATBGASAAGCTCAAG	MEME-1	MGG_01551	515	554	+	-23.7273	0.000756	0.148	TCTGCAGCATCACCACAAGTTCACCACCAGGTAGCTTCGC
CSABRABRAGGTCAAGMANBWKVACATBGASAAGCTCAAG	MEME-1	SS1G_10238	819	858	-	-23.7374	0.000758	0.148	AGAGAACTTGGCCAACATGTTGATGTGTGGGATCTTGACA
CSABRABRAGGTCAAGMANBWKVACATBGASAAGCTCAAG	MEME-1	MGG_13499	1824	1863	-	-23.7374	0.000758	0.148	CGACGGAGCCACCAAAGACATTGACAGTCTCAGGGTCAAG
CSABRABRAGGTCAAGMANBWKVACATBGASAAGCTCAAG	MEME-1	NCU04380	791	830	+	-23.7374	0.000758	0.148	GGACAAGAACTGGACCTACTTCGAGCTCGGCCACTACGAG
CSABRABRAGGTCAAGMANBWKVACATBGASAAGCTCAAG	MEME-1	ANID_06014	1265	1304	+	-23.8081	0.000768	0.148	TTGGGAGTCTGTAAAGAAGGGTGTTCTGAATAACCTGAAC
CSABRABRAGGTCAAGMANBWKVACATBGASAAGCTCAAG	MEME-1	Afu7g06090	1171	1210	-	-23.8283	0.00077	0.148	CCAGGCGGACGGCGTGAGGTCGGATCTCGTCCAGCAGCTT
CSABRABRAGGTCAAGMANBWKVACATBGASAAGCTCAAG	MEME-1	NCU02571	1805	1844	-	-23.8283	0.00077	0.148	CAACGGAGCCACCATAGACGTTGACCTTCTCGGGCTCGAG
CSABRABRAGGTCAAGMANBWKVACATBGASAAGCTCAAG	MEME-1	SS1G_12152	1138	1177	+	-23.8384	0.000772	0.148	TCCTAAGGCTCTGAAGCATGCCAAGATTGATGCTTCAGCC
CSABRABRAGGTCAAGMANBWKVACATBGASAAGCTCAAG	MEME-1	MGG_01551	2190	2229	+	-23.8384	0.000772	0.148	CTTTGCAGATGCCGGATACCACGTCACCAACAAGCCCAAC
CSABRABRAGGTCAAGMANBWKVACATBGASAAGCTCAAG	MEME-1	ANID_06014	343	382	-	-23.8788	0.000777	0.149	CCTTACCGAGCTCGAGCGCCAGCGTCTCATACTCGATAAA
CSABRABRAGGTCAAGMANBWKVACATBGASAAGCTCAAG	MEME-1	ANID_06752	1661	1700	+	-23.8889	0.000779	0.149	CGACAAGGGCGCCTCGTTCGACATTCTTGGCAACGACGCC
CSABRABRAGGTCAAGMANBWKVACATBGASAAGCTCAAG	MEME-1	BC1G_11051	688	727	+	-23.9091	0.000782	0.149	TGATGCCTACAACAAGAAGGAGCACATGGGAATGGCTGCT
CSABRABRAGGTCAAGMANBWKVACATBGASAAGCTCAAG	MEME-1	BC1G_08482	1543	1582	+	-23.9091	0.000782	0.149	TCAAAAGCAAGATATGGGTGCCGCTCACGATGTTCTCGGC
CSABRABRAGGTCAAGMANBWKVACATBGASAAGCTCAAG	MEME-1	Afu2g09910	120	159	+	-23.9495	0.000787	0.149	CAAGGACAACCTCATCCTACGGCCCGCGGAGGACGTCGCA
CSABRABRAGGTCAAGMANBWKVACATBGASAAGCTCAAG	MEME-1	NCU04380	1656	1695	+	-24.0505	0.000802	0.151	CGTCAAAAAGGGCATTCTCGCCAAGGTCAACGCTGGCAGC
CSABRABRAGGTCAAGMANBWKVACATBGASAAGCTCAAG	MEME-1	NCU04380	3185	3224	+	-24.0606	0.000803	0.151	CGAGTATCTATCGATGATACCCCATTTTAGTAGCATTTGC
CSABRABRAGGTCAAGMANBWKVACATBGASAAGCTCAAG	MEME-1	Afu2g09910	2092	2131	+	-24.0909	0.000808	0.152	CCTCAAGCAGCTCCAGAGCGCCGGCAAGGCTGGCGGTCTC
CSABRABRAGGTCAAGMANBWKVACATBGASAAGCTCAAG	MEME-1	ANID_06014	432	471	-	-24.1414	0.000815	0.153	TCACGCCAAGCTCCACAACAATTACACATACCTCGTTGCG
CSABRABRAGGTCAAGMANBWKVACATBGASAAGCTCAAG	MEME-1	MGG_13499	1070	1109	+	-24.202	0.000824	0.154	CGTCAACAAGGTCTGCGCCTCGGGTATGAAGGCCATCATC
CSABRABRAGGTCAAGMANBWKVACATBGASAAGCTCAAG	MEME-1	ANID_06014	399	438	+	-24.2626	0.000833	0.155	TCTGAACAAGGGCGATAAGGTTCACCTCTATGGCGCAACG
CSABRABRAGGTCAAGMANBWKVACATBGASAAGCTCAAG	MEME-1	MGG_01551	1588	1627	-	-24.3131	0.000841	0.156	GGCCAATGTAGGGCTGAACGACAACGCTAACTCCAGCAAC
CSABRABRAGGTCAAGMANBWKVACATBGASAAGCTCAAG	MEME-1	NCU04380	731	770	+	-24.3131	0.000841	0.156	AAACACCCATGTTGAGACTAAGAAGGTCAAGAAGATGGTG
CSABRABRAGGTCAAGMANBWKVACATBGASAAGCTCAAG	MEME-1	BC1G_11051	226	265	-	-24.3434	0.000845	0.156	CCATAAAGATGTAATGAACTTACCCTTGATGGCGATGCCA
CSABRABRAGGTCAAGMANBWKVACATBGASAAGCTCAAG	MEME-1	MGG_01551	2484	2523	+	-24.3535	0.000847	0.156	TTATGCCGACGACTCACAGGCCAAGCCTGTTGCCCTGATC
CSABRABRAGGTCAAGMANBWKVACATBGASAAGCTCAAG	MEME-1	Afu2g09910	1123	1162	-	-24.404	0.000854	0.156	CCAGAACAAGCAGAGGTTCTCAAACATGAACTCCAGGATG
CSABRABRAGGTCAAGMANBWKVACATBGASAAGCTCAAG	MEME-1	Afu7g06090	256	295	-	-24.4242	0.000858	0.156	TCTGCACCATCTTGTAGTTGAGCACCTGAGTCTCGCCCGC
CSABRABRAGGTCAAGMANBWKVACATBGASAAGCTCAAG	MEME-1	ANID_06014	1625	1664	+	-24.4242	0.000858	0.156	CTGCATTGAAGTCAAACTGGTTGACTTCGCGGATGCCGGG
CSABRABRAGGTCAAGMANBWKVACATBGASAAGCTCAAG	MEME-1	Afu2g09910	1831	1870	+	-24.4242	0.000858	0.156	GCATCTGAAGATCATTGACCGCAAGAAGAACCTGGTCAAG
CSABRABRAGGTCAAGMANBWKVACATBGASAAGCTCAAG	MEME-1	ANID_06752	597	636	+	-24.4848	0.000867	0.156	AGACATTCATCATCCATTCGCCGACCCTGACGGCGTCCAA
CSABRABRAGGTCAAGMANBWKVACATBGASAAGCTCAAG	MEME-1	BC1G_08482	948	987	-	-24.4949	0.000868	0.156	ACACCCCGAGCTAAAACACCACCAGATTGTAGGACGATGG
CSABRABRAGGTCAAGMANBWKVACATBGASAAGCTCAAG	MEME-1	SS1G_12152	688	727	+	-24.5051	0.00087	0.156	CGATGCCTACAACAAGAAAGAGCATATGGGAATGGCTGCT
CSABRABRAGGTCAAGMANBWKVACATBGASAAGCTCAAG	MEME-1	NCU02571	2721	2760	+	-24.5253	0.000873	0.156	GGATAACGTTGCACAAATACTGGCAATCCACCACCTTGCG
CSABRABRAGGTCAAGMANBWKVACATBGASAAGCTCAAG	MEME-1	BC1G_15689	1694	1733	+	-24.5556	0.000878	0.156	TGGAGAATGGGACAAGAATGGTCATCTTAATATCATCGAC
CSABRABRAGGTCAAGMANBWKVACATBGASAAGCTCAAG	MEME-1	MGG_01551	1924	1963	-	-24.5657	0.00088	0.156	AGACAACGGCATCAAGAATGCCGGAACCTGGCAGATTCAT
CSABRABRAGGTCAAGMANBWKVACATBGASAAGCTCAAG	MEME-1	SS1G_09944	1951	1990	+	-24.5657	0.00088	0.156	CGAGAAGAAAATCCAAGATGCTGTTCTGAAAGAATTACAA
CSABRABRAGGTCAAGMANBWKVACATBGASAAGCTCAAG	MEME-1	BC1G_11051	5	44	-	-24.5859	0.000883	0.156	GGAATAGAAACTTACACAATATAAACAGGAGGAACTGAAG
CSABRABRAGGTCAAGMANBWKVACATBGASAAGCTCAAG	MEME-1	NCU04380	1512	1551	-	-24.596	0.000884	0.156	ATAACCCATGGTTGAACCCCAGTAGAGGGAGGCGTTCTCG
CSABRABRAGGTCAAGMANBWKVACATBGASAAGCTCAAG	MEME-1	ANID_06014	2103	2142	-	-24.596	0.000884	0.156	CGTTGATAATCTCAATGCCCTTGAGGCCGCTAGCACGACC
CSABRABRAGGTCAAGMANBWKVACATBGASAAGCTCAAG	MEME-1	SS1G_10238	1473	1512	+	-24.6061	0.000886	0.156	TCGCGCTGTATTGAAGGGAAATGCCCCCAATAACGACACC
CSABRABRAGGTCAAGMANBWKVACATBGASAAGCTCAAG	MEME-1	MGG_01551	1217	1256	+	-24.6162	0.000887	0.156	CCACGTCATCTGGAACACCCAGAACAAGGTCAAGCAGGAG
CSABRABRAGGTCAAGMANBWKVACATBGASAAGCTCAAG	MEME-1	SS1G_12152	890	929	-	-24.6364	0.000891	0.156	GCTTCTCAATGTTCAAGTTCTTAACCTCGTCGTCTTTCTC
CSABRABRAGGTCAAGMANBWKVACATBGASAAGCTCAAG	MEME-1	NCU04380	3027	3066	-	-24.6465	0.000892	0.156	AGAGAGGAAATTCATCAAGCAAAACAGCGCAAACCAGGAC
CSABRABRAGGTCAAGMANBWKVACATBGASAAGCTCAAG	MEME-1	MGG_13499	1403	1442	+	-24.6465	0.000892	0.156	CGTCTTCAAGGCCGAGATTGCCCCTATCGAGGTTAGCGGC
CSABRABRAGGTCAAGMANBWKVACATBGASAAGCTCAAG	MEME-1	MGG_01551	842	881	+	-24.697	0.0009	0.157	CAAGAAGATCAAGAAGATGGTCGATGGTCAGGAGCGCGAG
CSABRABRAGGTCAAGMANBWKVACATBGASAAGCTCAAG	MEME-1	Afu7g06090	880	919	-	-24.7273	0.000905	0.158	ATGACCGCTTCTCGAGATCTCGGTGTTTGAGAGCCTCGAA
CSABRABRAGGTCAAGMANBWKVACATBGASAAGCTCAAG	MEME-1	Afu7g06090	1288	1327	-	-24.8081	0.000918	0.16	AGACCAGATCATTCACCGGGTTCTGGCTGGCCCGGTTGAA
CSABRABRAGGTCAAGMANBWKVACATBGASAAGCTCAAG	MEME-1	NCU04380	1447	1486	-	-24.8485	0.000925	0.16	GGGGAAGGTAGGTCAGGAGGCGGTCACCGGGGCCAACGAA
CSABRABRAGGTCAAGMANBWKVACATBGASAAGCTCAAG	MEME-1	Afu2g09910	1783	1822	+	-24.8889	0.000932	0.161	GGACGGCTGGTTCAGGACCGGTGATATTGGCGAGTTTGAC
CSABRABRAGGTCAAGMANBWKVACATBGASAAGCTCAAG	MEME-1	NCU04380	1124	1163	+	-24.9293	0.000938	0.161	ACACGTCATCTGGAACAACCAGAACAAGGTCAAGGAGGCC
CSABRABRAGGTCAAGMANBWKVACATBGASAAGCTCAAG	MEME-1	NCU02571	1769	1808	-	-24.9697	0.000945	0.161	CGAGGCCAAGGATTTTCATGTTGGCAAGGGCAACAACAGA
CSABRABRAGGTCAAGMANBWKVACATBGASAAGCTCAAG	MEME-1	ANID_06014	270	309	+	-24.9697	0.000945	0.161	TATTGATGGAGTCGAGCAGGAGGTTGACAAGCAGTGGACG
CSABRABRAGGTCAAGMANBWKVACATBGASAAGCTCAAG	MEME-1	Afu7g06090	3	42	+	-24.9798	0.000947	0.161	GGACAATGGTTTCCTCCTCTTTAATAACGTCAAGATCCCT
CSABRABRAGGTCAAGMANBWKVACATBGASAAGCTCAAG	MEME-1	NCU04380	1100	1139	+	-25	0.00095	0.161	TCTTGAGCATGCCAAGGGCATCACACACGTCATCTGGAAC
CSABRABRAGGTCAAGMANBWKVACATBGASAAGCTCAAG	MEME-1	Afu7g06090	66	105	+	-25.0606	0.00096	0.161	CTCCCGCGTAGACAAGGAGACGAACAAGTACGTGCGCCCC
CSABRABRAGGTCAAGMANBWKVACATBGASAAGCTCAAG	MEME-1	Afu8g04000	271	310	+	-25.0707	0.000962	0.161	AGTTGACGGGCTTAAGCCTTCGGACGTGCAGGAGGTTTTC
CSABRABRAGGTCAAGMANBWKVACATBGASAAGCTCAAG	MEME-1	NCU04380	1671	1710	+	-25.0707	0.000962	0.161	TCTCGCCAAGGTCAACGCTGGCAGCCCTCTCCTCCGCAAC
CSABRABRAGGTCAAGMANBWKVACATBGASAAGCTCAAG	MEME-1	MGG_13499	180	219	+	-25.0808	0.000964	0.161	AGACGATGTAGATGTATAACTTGAAATTGACCGAGGCTCG
CSABRABRAGGTCAAGMANBWKVACATBGASAAGCTCAAG	MEME-1	NCU04380	2659	2698	+	-25.0808	0.000964	0.161	CCTCAACAAGTACAAGAAGGAGGTTGATGAGGCTTATGGC
CSABRABRAGGTCAAGMANBWKVACATBGASAAGCTCAAG	MEME-1	MGG_01551	830	869	+	-25.0909	0.000966	0.161	CCACCAGGAGACCAAGAAGATCAAGAAGATGGTCGATGGT
CSABRABRAGGTCAAGMANBWKVACATBGASAAGCTCAAG	MEME-1	ANID_06752	177	216	+	-25.101	0.000967	0.161	CGAAAAGGTCTTCGACAAGTCGCGCAACCATGTCCTTGGA
CSABRABRAGGTCAAGMANBWKVACATBGASAAGCTCAAG	MEME-1	ANID_06752	621	660	+	-25.1212	0.000971	0.161	CCCTGACGGCGTCCAAGTGGTGGATCGGGTCGCTGGGACG
CSABRABRAGGTCAAGMANBWKVACATBGASAAGCTCAAG	MEME-1	Afu2g09910	1277	1316	-	-25.1313	0.000972	0.161	TGTTCAAGTTGTTGAGCACACCCTTCTTGACGGACTCCCA
CSABRABRAGGTCAAGMANBWKVACATBGASAAGCTCAAG	MEME-1	Afu2g09910	354	393	+	-25.1313	0.000972	0.161	CGAACGCCTTGCCCTGGAATTGGGTTGTGGGTTGCGCAAG
CSABRABRAGGTCAAGMANBWKVACATBGASAAGCTCAAG	MEME-1	NCU04380	1152	1191	-	-25.1414	0.000974	0.161	CGCGCTCGTTCCTGAGGGCCTCAATGTGGGCCTCCTTGAC
CSABRABRAGGTCAAGMANBWKVACATBGASAAGCTCAAG	MEME-1	Afu2g09910	294	333	+	-25.1414	0.000974	0.161	CGAAAAGAAGTGGACATATTTTGAGATGAGCGGTTATACC
CSABRABRAGGTCAAGMANBWKVACATBGASAAGCTCAAG	MEME-1	SS1G_10238	2088	2127	+	-25.1616	0.000978	0.162	TGCGGATAATGATAATATCGTTAAGAGAGATGAGACGGAG
CSABRABRAGGTCAAGMANBWKVACATBGASAAGCTCAAG	MEME-1	Afu2g09910	461	500	+	-25.1818	0.000981	0.162	TTATAACAGAGGAATGATTGCTGACATATACCTTTTCAAG
CSABRABRAGGTCAAGMANBWKVACATBGASAAGCTCAAG	MEME-1	MGG_01551	1049	1088	-	-25.2121	0.000986	0.162	GGTCACAATGGCCATGGACTGCGAGCCGGCGGCGTGTGAC
CSABRABRAGGTCAAGMANBWKVACATBGASAAGCTCAAG	MEME-1	ANID_01409	1256	1295	+	-25.2121	0.000986	0.162	CCTCGCTAACTTGAAGCTCCTTGGACTTTCTGAGGACAAG
CSABRABRAGGTCAAGMANBWKVACATBGASAAGCTCAAG	MEME-1	SS1G_09944	252	291	+	-25.2323	0.00099	0.162	TCACCAAGAAGTGAAGAAGGTGAAGAAAATGGTCGATGGT
CSABRABRAGGTCAAGMANBWKVACATBGASAAGCTCAAG	MEME-1	ANID_01409	1241	1280	+	-25.2727	0.000997	0.162	TTTCAGTGTAGTTGCCCTCGCTAACTTGAAGCTCCTTGGA
CSABRABRAGGTCAAGMANBWKVACATBGASAAGCTCAAG	MEME-1	Afu7g06090	108	147	-	-25.2828	0.000999	0.162	GCGCACCCAGGTCATGGTTCCAAATACTAGGGATGGCGAC
CSABRABRAGGTCAAGMANBWKVACATBGASAAGCTCAAG	MEME-1	Afu7g06090	113	152	+	-25.2828	0.000999	0.162	CATCCCTAGTATTTGGAACCATGACCTGGGTGCGCTCCAA

# FIMO (Find Individual Motif Occurrences): Version 5.0.1 compiled on Jul 25 2018 at 13:33:40
# The format of this file is described at http://meme-suite.org/doc/fimo-output-format.html.
# /project/home17/apm114/meme/bin/fimo -oc output/fat/fimo -thresh 0.001 output/fat/meme/meme.xml output/fat/upstream.fa
